=== Tuning Experiment 1 ===;;;;;;;
;;;;;;;
=== New Experiment ===;;;;;;;
Started: 2025-03-27 23:05:27;;;;;;;
Initial parameters:;;;;;;;
ALPHA=1,5000;BETA=1,0000;RHO=0,8000;Q=250,00;TAU_0=0,0010;P_0=0,1000;NUM_ANTS=75;MAX_ITERATIONS=1500
;;;;;;;
ALPHA;0,001;11381;13771;12714,7;10;9413,62;
ALPHA;0,01;12434;13920;12999,1;10;9087,8;
ALPHA;0,1;11174;13959;12489;10;9003,48;
ALPHA;0,3;11481;13726;12666,4;10;8971,57;
ALPHA;0,5;11975;14192;13240,6;10;8481,65;
ALPHA;0,7;11596;13648;12771,1;10;7589,08;
ALPHA;1;11596;13651;12976,4;10;6119,62;
ALPHA;1,5;11043;13642;12835,2;10;6131,72;
BETA;0,5;11592;13615;12965,2;10;5742,26;
BETA;0,75;11436;13877;12813;10;5956,1;
BETA;1;11861;13760;12842;10;6046,36;
BETA;1,5;11322;13858;13009,9;10;6382,22;
BETA;2;11499;14011;12885,7;10;5699,64;
BETA;3;11386;13496;12575,1;10;5959,33;
BETA;4;11755;14094;13064,1;10;6031,74;
BETA;5;11916;13485;12763,4;10;6153,48;
BETA;10;11364;13434;12534,9;10;6018,25;
P_0;0,01;11875;14046;12863,2;10;5775,27;
P_0;0,025;11596;14081;12538,3;10;5835,3;
P_0;0,05;11923;13959;13030;10;5930,14;
P_0;0,1;11735;13772;12942,4;10;5998,2;
P_0;0,2;11624;14343;13118,5;10;6079,79;
P_0;0,3;11705;14846;13418,5;10;6080,66;
NUM_ANTS;30;11907;14320;12814,2;10;2684,08;
NUM_ANTS;40;11596;14003;12808,8;10;3074,34;
NUM_ANTS;50;12202;13953;12907,5;10;3874,28;
NUM_ANTS;75;11731;13525;12834,2;10;5642,01;
NUM_ANTS;100;11491;13612;12428,7;10;7622,11;
NUM_ANTS;150;11605;13484;12500,7;10;11038,58;
Q;10;12282;14273;13069,4;10;7657,91;
Q;50;11916;13993;12845,7;10;7635,83;
Q;100;10952;13427;12450,1;10;7624,87;
Q;250;11907;13431;12555,2;10;7647,17;
Q;500;11916;13409;12930,2;10;8096,21;
Q;750;12453;13993;13234,5;10;7632,63;
Q;1000;11596;13920;12625,6;10;7647,65;
Q;1500;11735;13796;12590,9;10;7775,6;
RHO;0,1;11907;13431;12739,2;10;7669,79;
RHO;0,3;11500;13930;12856,6;10;7676,38;
RHO;0,5;11596;13959;12820,1;10;7797,68;
RHO;0,6;11424;13409;12615,3;10;7694,21;
RHO;0,7;11700;13730;12808,7;10;7641,52;
RHO;0,75;10880;13959;12627,8;10;7748,72;
RHO;0,8;11596;13918;12958,3;10;7890,92;
RHO;0,85;12475;13561;13121,5;10;7946,75;
RHO;0,9;11039;13759;12640,9;10;7645,36;
TAU_0;0,001;11948;13685;13115,6;10;7661,16;
TAU_0;0,01;12167;14021;12963,4;10;7865,69;
TAU_0;0,1;11596;13994;12737,2;10;7602,95;
TAU_0;0,25;11700;13673;12560;10;7637,94;
TAU_0;0,5;11616;13654;12875,3;10;7657,93;
TAU_0;0,75;12364;13468;12941,1;10;7684,13;
TAU_0;1;11878;13798;12496,1;10;7686,25;
;;;;;;;
=== Best Configuration Found ===;;;;;;;
ALPHA=0,1000;BETA=10,0000;RHO=0,6000;Q=100,00;;;;
TAU_0=1,0000;P_0=0,0250;NUM_ANTS=100;MAX_ITERATIONS=1500;;;;
;;;;;;;
;;;;;;;
=== Tuning Experiment 2 ===;;;;;;;
;;;;;;;
=== New Experiment ===;;;;;;;
Started: 2025-03-28 00:14:07;;;;;;;
Initial parameters:;;;;;;;
ALPHA=0,1000;BETA=10,0000;RHO=0,6000;Q=100,00;TAU_0=1,0000;P_0=0,0250;NUM_ANTS=100;MAX_ITERATIONS=1500
;;;;;;;
ALPHA;0,001;11788;13669;12790,9;10;7808;
ALPHA;0,01;11916;14384;13336,5;10;7693,81;
ALPHA;0,1;11947;13895;12918,8;10;7725,65;
ALPHA;0,3;11605;13253;12464,8;10;7699,56;
ALPHA;0,5;11363;12927;11996,6;10;7292,5;
ALPHA;0,7;11700;14136;12888,2;10;7748,94;
ALPHA;1;11907;14056;12736,7;10;7723,27;
ALPHA;1,5;11700;13641;12644,4;10;7668,68;
BETA;0,5;11869;13301;12694,8;10;6619,46;
BETA;0,75;11616;13847;12562;10;7090,42;
BETA;1;11907;13944;12661,6;10;7236,66;
BETA;1,5;11025;14181;12899,7;10;7139,91;
BETA;2;11700;14018;12919,7;10;6510,48;
BETA;3;11644;13539;12521,7;10;7144,76;
BETA;4;11907;13853;12897,2;10;7180,51;
BETA;5;11907;13798;12596;10;7150,56;
BETA;10;11211;14377;12358,6;10;7151,08;
P_0;0,01;12004;14034;13080,3;10;7022,31;
P_0;0,025;11596;13934;12489,7;10;7177,88;
P_0;0,05;11889;13812;12765,4;10;7297,14;
P_0;0,1;11079;13825;12312,7;10;7467,71;
P_0;0,2;11359;14666;12977,6;10;7621,39;
P_0;0,3;11976;14655;13462,1;10;7689,6;
NUM_ANTS;30;12435;14199;13171,7;10;2934,45;
NUM_ANTS;40;11390;13528;12652;10;3041,74;
NUM_ANTS;50;12040;13714;12982;10;3782,63;
NUM_ANTS;75;12256;13617;13057,2;10;5487,44;
NUM_ANTS;100;11490;14238;13059,2;10;7277,53;
NUM_ANTS;150;12284;13538;12866,6;10;10713,85;
Q;10;12050;14152;13091,9;10;3083,2;
Q;50;11379;13755;12527,1;10;3052,43;
Q;100;11239;13475;12470,8;10;3086,2;
Q;250;11788;14098;13259,5;10;3071,93;
Q;500;11690;13544;12719,3;10;3547,89;
Q;750;11224;14211;13192,7;10;3142,74;
Q;1000;12171;13884;13158,6;10;3125,25;
Q;1500;10135;14137;12809,5;10;3141,47;
RHO;0,1;11742;13336;12775,1;10;3121,07;
RHO;0,3;12178;14067;13080,5;10;3121,49;
RHO;0,5;11368;13934;12627;10;3041,42;
RHO;0,6;10983;14031;12780,6;10;3101,52;
RHO;0,7;12130;14102;12958,1;10;3081,36;
RHO;0,75;11316;14150;12942,7;10;3090,27;
RHO;0,8;12033;14012;12769,6;10;3061,78;
RHO;0,85;11177;14209;12817,1;10;3066,01;
RHO;0,9;11691;13974;12785,5;10;3071,03;
TAU_0;0,001;11394;13881;13040,3;10;3087,6;
TAU_0;0,01;11151;13959;12697,4;10;3141,48;
TAU_0;0,1;10972;14344;12906,3;10;3115,36;
TAU_0;0,25;11655;13587;12818,6;10;3097,36;
TAU_0;0,5;11273;14185;12700,2;10;3162,58;
TAU_0;0,75;11295;14116;12879,9;10;3087,67;
TAU_0;1;11231;13604;12741,1;10;3114,81;
;;;;;;;
=== Best Configuration Found ===;;;;;;;
ALPHA=0,5000;BETA=10,0000;RHO=0,5000;Q=100,00;;;;
TAU_0=0,0100;P_0=0,1000;NUM_ANTS=40;MAX_ITERATIONS=1500;;;;
;;;;;;;
;;;;;;;
=== Tuning Experiment 3 ===;;;;;;;
;;;;;;;
=== New Experiment ===;;;;;;;
Started: 2025-03-28 01:02:48;;;;;;;
Initial parameters:;;;;;;;
ALPHA=0,5000;BETA=10,0000;RHO=0,5000;Q=100,00;TAU_0=0,0100;P_0=0,1000;NUM_ANTS=40;MAX_ITERATIONS=1500
;;;;;;;
ALPHA;0,001;11869;14010;13094;10;3283,84;
ALPHA;0,01;11663;13980;13073,5;10;3262,74;
ALPHA;0,1;11615;13578;12786,4;10;3276,27;
ALPHA;0,3;11340;14171;12751,2;10;3293,56;
ALPHA;0,5;11939;13791;12755,1;10;3154,68;
ALPHA;0,7;11175;13939;12617,7;10;3318,97;
ALPHA;1;11596;14189;12600,5;10;3315,53;
ALPHA;1,5;11259;13788;12473,5;10;3319,26;
BETA;0,5;12602;13898;13321,3;10;3107;
BETA;0,75;11153;13776;12724,5;10;3253,5;
BETA;1;11340;13758;12888,7;10;3287,35;
BETA;1,5;11664;13965;12820,5;10;3291,43;
BETA;2;12059;13570;12813,3;10;3064,56;
BETA;3;11131;14045;12961,4;10;3304,76;
BETA;4;12946;14074;13532,8;10;3319,14;
BETA;5;11321;13868;13049,2;10;3312,5;
BETA;10;11930;13916;13058,2;10;3307,08;
P_0;0,01;11700;14519;12982;10;3143,37;
P_0;0,025;11514;13964;12971,7;10;3238,2;
P_0;0,05;11599;14145;12726;10;3221,13;
P_0;0,1;12442;13988;13203,8;10;3288,06;
P_0;0,2;10570;14756;12716,5;10;3307,73;
P_0;0,3;12482;14715;13551,1;10;3307,56;
NUM_ANTS;30;11922;14210;13368,5;10;2520,89;
NUM_ANTS;40;12361;14485;13437,1;10;3246,89;
NUM_ANTS;50;11424;14454;13080;10;4095,1;
NUM_ANTS;75;12391;13950;13138,4;10;5900,74;
NUM_ANTS;100;12076;14391;12956,9;10;7866,51;
NUM_ANTS;150;12136;13848;13120,5;10;11740,97;
Q;10;11695;14655;13294,3;10;8247,61;
Q;50;11367;14546;12745,5;10;8056,82;
Q;100;11207;14780;12953,1;10;8028,89;
Q;250;11602;14160;13144,9;10;8035,13;
Q;500;11956;13842;13150,9;10;8107,63;
Q;750;11259;14253;12944,1;10;8050,54;
Q;1000;11108;14446;12644,3;10;8000,31;
Q;1500;10753;14384;12705,1;10;8088,2;
RHO;0,1;12709;14035;13213;10;8046,41;
RHO;0,3;11664;14245;13450,1;10;7997,83;
RHO;0,5;10979;14358;12865,3;10;8046,01;
RHO;0,6;11770;14510;13386,1;10;8036,64;
RHO;0,7;11823;14079;13012,2;10;8062,52;
RHO;0,75;11103;14267;12810,6;10;8105,36;
RHO;0,8;11184;13774;12648,1;10;8048,08;
RHO;0,85;12071;14182;13416,1;10;8040,6;
RHO;0,9;12034;14055;13113,7;10;8191,27;
TAU_0;0,001;12239;14602;13173,4;10;8017,64;
TAU_0;0,01;11064;14024;12988,7;10;8022,28;
TAU_0;0,1;11097;13696;12268,9;10;8040,55;
TAU_0;0,25;12013;14185;13098,6;10;8063,56;
TAU_0;0,5;11342;13985;12676;10;8038,77;
TAU_0;0,75;10513;14502;12786,4;10;8096,4;
TAU_0;1;12266;14038;13276,2;10;8079,98;
;;;;;;;
=== Best Configuration Found ===;;;;;;;
ALPHA=1,5000;BETA=0,7500;RHO=0,8000;Q=1000,00;;;;
TAU_0=0,1000;P_0=0,2000;NUM_ANTS=100;MAX_ITERATIONS=1500;;;;
;;;;;;;
;;;;;;;
=== Tuning Experiment 4 ===;;;;;;;
;;;;;;;
=== New Experiment ===;;;;;;;
Started: 2025-03-28 01:59:59;;;;;;;
Initial parameters:;;;;;;;
ALPHA=1,5000;BETA=0,7500;RHO=0,8000;Q=1000,00;TAU_0=0,1000;P_0=0,2000;NUM_ANTS=100;MAX_ITERATIONS=1500
;;;;;;;
ALPHA;0,001;12245;14332;13435,3;10;7964,82;
ALPHA;0,01;12193;14258;13164;10;7989,27;
ALPHA;0,1;11175;14279;13278,4;10;8008,86;
ALPHA;0,3;11933;14449;13130,2;10;8053,61;
ALPHA;0,5;11737;14158;13057,7;10;7719,4;
ALPHA;0,7;11765;14073;13060,5;10;7987,24;
ALPHA;1;11513;13827;12934,4;10;8001,34;
ALPHA;1,5;12184;13323;12772,4;10;7978,97;
BETA;0,5;11816;14359;13092,7;10;7621,98;
BETA;0,75;11844;14361;12992,9;10;7990,33;
BETA;1;11039;14340;12917,3;10;7977,76;
BETA;1,5;11059;13508;12454,4;10;8019,77;
BETA;2;11423;14259;13135,6;10;7580,1;
BETA;3;12389;13919;13228,6;10;7957,85;
BETA;4;10817;13834;12864,8;10;8029,18;
BETA;5;11828;13784;12988,9;10;8055,26;
BETA;10;11273;14567;13142;10;8141,23;
P_0;0,01;11596;14377;12684,1;10;7573,15;
P_0;0,025;11907;13757;12775,2;10;7665,67;
P_0;0,05;11079;14052;13005,2;10;7821,66;
P_0;0,1;11857;13746;13008,9;10;7893,4;
P_0;0,2;11978;14426;13122,7;10;8069,69;
P_0;0,3;11167;14980;13174,5;10;7966,01;
NUM_ANTS;30;11845;14527;13255,8;10;2810,27;
NUM_ANTS;40;11596;14823;13207,1;10;3048,76;
NUM_ANTS;50;11907;14240;12786,3;10;3770,41;
NUM_ANTS;75;11691;14191;12670,8;10;5521,44;
NUM_ANTS;100;11907;14046;12967,2;10;7397,93;
NUM_ANTS;150;11907;14327;12776,8;10;10775,91;
Q;10;11869;14223;13056,1;10;5680,61;
Q;50;11907;14383;12901,9;10;5706,39;
Q;100;11731;13828;12847,1;10;5693,25;
Q;250;12068;14383;13455,1;10;5709,46;
Q;500;11691;14506;13365,8;10;5685,3;
Q;750;11869;14617;13152,1;10;5669,34;
Q;1000;11596;13995;12838,3;10;5714,97;
Q;1500;11691;14121;12820,2;10;5833,86;
RHO;0,1;11788;14942;13101,9;10;6444,52;
RHO;0,3;11916;13429;12718,7;10;5701,58;
RHO;0,5;11907;14510;13428,1;10;5717,26;
RHO;0,6;11916;14565;13095,7;10;5736,01;
RHO;0,7;11947;14519;13233,1;10;5764,16;
RHO;0,75;11907;14483;12886,2;10;5706,05;
RHO;0,8;12042;14951;13166,1;10;5737,09;
RHO;0,85;11596;14602;12855,1;10;5733,27;
RHO;0,9;11596;14119;12924,7;10;5776,75;
TAU_0;0,001;11797;14464;13248,5;10;5708,49;
TAU_0;0,01;12167;13895;13061,8;10;5773,58;
TAU_0;0,1;12068;14083;12831,3;10;5738,63;
TAU_0;0,25;11340;14451;12545,1;10;5789,05;
TAU_0;0,5;11907;13895;12787,2;10;5721,5;
TAU_0;0,75;11605;14464;12521,1;10;5757,77;
TAU_0;1;11907;14377;13019,9;10;5758,49;
;;;;;;;
=== Best Configuration Found ===;;;;;;;
ALPHA=1,5000;BETA=1,5000;RHO=0,3000;Q=1500,00;;;;
TAU_0=0,7500;P_0=0,0100;NUM_ANTS=75;MAX_ITERATIONS=1500;;;;
;;;;;;;
;;;;;;;
=== Tuning Experiment 5 ===;;;;;;;
;;;;;;;
=== New Experiment ===;;;;;;;
Started: 2025-03-28 03:03:35;;;;;;;
Initial parameters:;;;;;;;
ALPHA=1,5000;BETA=1,5000;RHO=0,3000;Q=1500,00;TAU_0=0,7500;P_0=0,0100;NUM_ANTS=75;MAX_ITERATIONS=1500
;;;;;;;
ALPHA;0,001;12068;14348;13169,9;10;5696,03;
ALPHA;0,01;11907;14464;13184,6;10;5699,46;
ALPHA;0,1;11596;13554;12515,6;10;5661,4;
ALPHA;0,3;11907;14323;12862,4;10;5686,25;
ALPHA;0,5;12459;14547;13418,9;10;5304,25;
ALPHA;0,7;11084;14040;12526,2;10;5670,97;
ALPHA;1;11535;14322;12946,2;10;5698,26;
ALPHA;1,5;11907;12832;12333,7;10;5718,49;
BETA;0,5;11909;14232;12784,5;10;5367,2;
BETA;0,75;11907;14003;12995,8;10;5641,81;
BETA;1;12459;14103;13157,1;10;5760,08;
BETA;1,5;11828;14318;12662,6;10;5668,58;
BETA;2;11596;13965;12831,4;10;5308,68;
BETA;3;11878;14323;12846,1;10;5708,27;
BETA;4;11207;14383;12750,8;10;5724,29;
BETA;5;11907;14069;12888,8;10;5691,18;
BETA;10;11947;14838;13862;10;5799,84;
P_0;0,01;11731;13627;12857,3;10;7623,09;
P_0;0,025;11907;14320;13087,7;10;7962,5;
P_0;0,05;11907;14021;13221,6;10;6222,43;
P_0;0,1;11134;13179;12364,9;10;6915,84;
P_0;0,2;11569;13973;13305,6;10;9022,4;
P_0;0,3;12330;15399;13587,5;10;6077,4;
NUM_ANTS;30;11310;13776;12588,2;10;2781,33;
NUM_ANTS;40;11802;13948;13209,8;10;3168,78;
NUM_ANTS;50;11771;13798;12961,8;10;4078;
NUM_ANTS;75;11242;14053;12620,8;10;5847,41;
NUM_ANTS;100;11904;13992;12580,8;10;7740,79;
NUM_ANTS;150;11596;13785;12950,8;10;11502,42;
Q;10;12088;13387;12917,7;10;7928,11;
Q;50;11486;14008;12873,5;10;8049,28;
Q;100;10952;13869;12610,9;10;8056,23;
Q;250;11857;13425;12709,1;10;7923,29;
Q;500;11025;13571;12472,6;10;7963,06;
Q;750;12111;13720;13024,6;10;7945,62;
Q;1000;10980;13514;12490,2;10;7963,62;
Q;1500;11182;13091;12217,4;10;8061,51;
RHO;0,1;11093;13614;12580,3;10;8003,21;
RHO;0,3;12014;14003;12978,4;10;8023,64;
RHO;0,5;12268;13628;12829,5;10;7995,32;
RHO;0,6;11575;13716;12772;10;7912,31;
RHO;0,7;11368;13724;12727,2;10;7972,75;
RHO;0,75;11605;13652;12813,4;10;7940,87;
RHO;0,8;12528;14003;13008,6;10;8001,93;
RHO;0,85;11797;13786;12933,1;10;7952,3;
RHO;0,9;11207;13694;12692,4;10;8044,08;
TAU_0;0,001;12336;13990;13092,1;10;8009,08;
TAU_0;0,01;11056;13502;12616,8;10;8736,59;
TAU_0;0,1;11717;13599;12609,6;10;7955,36;
TAU_0;0,25;11912;13744;13139,6;10;7930,42;
TAU_0;0,5;11269;13513;12817,4;10;7958,62;
TAU_0;0,75;11455;14057;12492,7;10;7924,41;
TAU_0;1;11039;13098;12271,3;10;7973,68;
;;;;;;;
=== Best Configuration Found ===;;;;;;;
ALPHA=1,5000;BETA=1,5000;RHO=0,1000;Q=1500,00;;;;
TAU_0=1,0000;P_0=0,1000;NUM_ANTS=100;MAX_ITERATIONS=1500;;;;
;;;;;;;
;;;;;;;
=== Tuning Experiment 1 ===;;;;;;;
;;;;;;;
=== New Experiment ===;;;;;;;
Started: 2025-03-28 05:36:38;;;;;;;
Initial parameters:;;;;;;;
ALPHA=0,5000;BETA=10,0000;RHO=0,5000;Q=250,00;TAU_0=0,0100;P_0=0,1000;NUM_ANTS=40;MAX_ITERATIONS=1500
;;;;;;;
ALPHA;0,001;11056;14122;12696,1;10;3516,51;
ALPHA;0,01;11733;13507;12760,9;10;3500,37;
ALPHA;0,1;11743;13946;13060,2;10;3499,65;
ALPHA;0,3;12420;13832;13017;10;3542,4;
ALPHA;0,5;11084;13683;12661,3;10;3278,98;
ALPHA;0,7;11848;14228;13117,6;10;3514,92;
ALPHA;1;11079;13853;12626;10;3707,4;
ALPHA;1,5;12061;13828;13143,7;10;3493,05;
BETA;0,5;11349;14192;13082,8;10;3274,53;
BETA;0,75;11177;13359;12236,9;10;3462,48;
BETA;1;11904;14384;13006,8;10;3472,75;
BETA;1,5;11591;13436;12888,2;10;3469,99;
BETA;2;13232;14136;13588,5;10;3465,74;
BETA;3;10822;13968;12584,6;10;3534,36;
BETA;4;11302;13431;12706,7;10;3474,57;
BETA;5;11184;13832;12652,3;10;3460,96;
BETA;10;12145;14261;13091,4;10;3506,48;
P_0;0,01;11596;13427;12834;10;3323,58;
P_0;0,025;11916;13959;13000,9;10;3322,92;
P_0;0,05;11691;13731;13096,9;10;3414,92;
P_0;0,1;11286;14014;12828,6;10;3446,48;
P_0;0,2;11663;14562;13279,7;10;3489,21;
P_0;0,3;12072;15120;13624,3;10;3500,02;
NUM_ANTS;30;12150;14203;13136,2;10;2845,9;
NUM_ANTS;40;11962;14043;12975,9;10;3448,17;
NUM_ANTS;50;12218;14338;13042,3;10;4281,74;
NUM_ANTS;75;11072;13742;12439,4;10;6167,59;
NUM_ANTS;100;11432;13639;12577,3;10;8194,56;
NUM_ANTS;150;11947;13685;12769,5;10;11967,36;
Q;10;11619;13819;13049;10;6354,27;
Q;50;11188;13731;12313,5;10;6561,04;
Q;100;11907;13658;12720,9;10;7693,73;
Q;250;12235;13796;12696,7;10;6296,25;
Q;500;12167;13798;13115,9;10;6266,08;
Q;750;11117;13906;12697,5;10;6284,52;
Q;1000;12255;13903;12975,5;10;6426,7;
Q;1500;12082;13982;12945,5;10;6265,84;
RHO;0,1;11319;13301;12383,1;10;6267,64;
RHO;0,3;12453;13997;13206,2;10;6320,4;
RHO;0,5;11094;13427;12495,4;10;6389,25;
RHO;0,6;12049;14003;13154,6;10;6345,44;
RHO;0,7;11596;13612;12854,4;10;6295,65;
RHO;0,75;11849;13726;12792,8;10;6219,89;
RHO;0,8;11175;13829;12698,6;10;6258,44;
RHO;0,85;11445;14121;12666,4;10;6313,65;
;;;;;;;
=== Tuning Experiment 1 ===;;;;;;;
;;;;;;;
=== New Experiment ===;;;;;;;
Started: 2025-03-28 19:39:33;;;;;;;
Initial parameters:;;;;;;;
ALPHA=0,1000;BETA=10,0000;RHO=0,6000;Q=100,00;TAU_0=1,0000;P_0=0,0250;NUM_ANTS=100;MAX_ITERATIONS=1500
;;;;;;;
ALPHA;0,001;11349;13495;12621,7;10;9233;
ALPHA;0,01;12068;14003;13244,2;10;7962,58;
ALPHA;0,1;11916;13427;12801;10;8036,05;
ALPHA;0,3;11735;13633;12872,7;10;8348,28;
ALPHA;0,5;11919;13409;12789,7;10;7701,34;
ALPHA;0,7;11907;14128;12859,7;10;8950,33;
ALPHA;1;11907;13791;12783,3;10;9383,52;
ALPHA;1,5;11700;13840;12914,8;10;9943,94;
BETA;0,5;12270;13853;13261,4;10;8888,67;
BETA;0,75;11691;13976;12774,3;10;8562,79;
BETA;1;12459;14125;13329,2;10;8522,66;
BETA;1,5;11596;13630;12641,4;10;10662,01;
BETA;2;12150;14159;13012,3;10;9422,42;
BETA;3;11639;13802;12875,3;10;9048,32;
BETA;4;12323;13739;12882,5;10;9427,39;
BETA;5;11691;13305;12462,1;10;9285,59;
BETA;10;12453;13427;13009,7;10;9099,76;
P_0;0,01;11596;13409;12420,2;10;8618,93;
P_0;0,025;11691;13798;12975,1;10;9359,04;
P_0;0,05;11907;13427;12584,4;10;9346,77;
P_0;0,1;12212;13838;12895,5;10;9119,35;
P_0;0,2;11110;14428;13185,7;10;9459,72;
P_0;0,3;12532;14725;13593,9;10;9016,79;
NUM_ANTS;30;11605;14272;12734,1;10;3459,16;
NUM_ANTS;40;11596;14459;12897,7;10;3442,66;
NUM_ANTS;50;11691;14072;13097,2;10;4286,9;
NUM_ANTS;75;11700;14372;13130,3;10;6056,4;
NUM_ANTS;100;11236;13959;12854,6;10;7969,34;
NUM_ANTS;150;11907;14176;12646,2;10;11919,25;
Q;10;11907;14384;13346,3;10;11704,01;
Q;50;11596;14268;12856;10;11529,82;
Q;100;11492;13691;12508,3;10;11150,36;
Q;250;11797;14323;12893,6;10;11690,26;
Q;500;11691;14439;13188,2;10;11418,82;
Q;750;11907;14029;12736,5;10;11193,06;
Q;1000;11691;14098;13051,2;10;11260,55;
Q;1500;11916;14383;13080;10;11946,22;
RHO;0,1;11829;14400;13039,7;10;12177,93;
RHO;0,3;11612;14207;12686,9;10;12828,03;
RHO;0,5;11700;14098;12704,1;10;11328,63;
RHO;0,6;11907;14323;13220,9;10;11121,33;
RHO;0,7;11907;14377;12788,8;10;11041,31;
RHO;0,75;11596;14288;12429,8;10;11025,04;
RHO;0,8;11907;14000;12728,3;10;11076,11;
RHO;0,85;11166;13959;12761,1;10;11107,67;
RHO;0,9;11691;13301;12635,6;10;11025,18;
TAU_0;0,001;11596;14320;12962,2;10;11063,4;
TAU_0;0,01;11605;14077;13060,2;10;11038,21;
TAU_0;0,1;11907;14046;12886,3;10;11247,21;
TAU_0;0,25;11691;13930;12724,1;10;11137,38;
TAU_0;0,5;11605;13995;12784,6;10;11129,85;
TAU_0;0,75;11788;14003;12986,5;10;11085,22;
TAU_0;1;11700;12927;12456,9;10;11288;
MAX_ITERATIONS;500;11691;14452;12888,4;10;4600,06;
MAX_ITERATIONS;750;11691;13396;12297,3;10;5561,04;
MAX_ITERATIONS;1000;11907;14011;12793,8;10;7389,65;
MAX_ITERATIONS;1500;11596;14301;12744,2;10;10754,53;
MAX_ITERATIONS;2000;11907;13977;12933,4;10;14450,17;
MAX_ITERATIONS;3000;11797;14271;12937,7;10;21088,73;
;;;;;;;
=== Best Configuration Found ===;;;;;;;
ALPHA=0,0010;BETA=5,0000;RHO=0,7500;Q=100,00;;;;
TAU_0=1,0000;P_0=0,0100;NUM_ANTS=150;MAX_ITERATIONS=750;;;;
;;;;;;;
;;;;;;;
=== Tuning Experiment 2 ===;;;;;;;
;;;;;;;
=== New Experiment ===;;;;;;;
Started: 2025-03-28 21:20:55;;;;;;;
Initial parameters:;;;;;;;
ALPHA=0,0010;BETA=5,0000;RHO=0,7500;Q=100,00;TAU_0=1,0000;P_0=0,0100;NUM_ANTS=150;MAX_ITERATIONS=750
;;;;;;;
ALPHA;0,001;11596;13888;12739,6;10;5772,47;
ALPHA;0,01;11691;13930;12438,2;10;5731,78;
ALPHA;0,1;11596;14784;12997,7;10;5784,73;
ALPHA;0,3;11788;14002;12658,9;10;5759,79;
ALPHA;0,5;11907;14227;12934,7;10;5367,26;
ALPHA;0,7;12042;14492;13051,9;10;5725,34;
ALPHA;1;11596;14046;12452,9;10;5759,01;
ALPHA;1,5;11691;14099;12695,6;10;5853,9;
BETA;0,5;12167;14923;12853,7;10;5366,36;
BETA;0,75;11731;13674;12618,7;10;5720,31;
BETA;1;11797;14923;13165,5;10;5737,02;
BETA;1,5;11596;13409;12507,8;10;5825,15;
BETA;2;11515;13409;12548,6;10;5364,76;
BETA;3;11788;14394;12958,5;10;5767,38;
BETA;4;11596;14644;12981;10;5761,81;
BETA;5;11605;13806;12835,6;10;5732,71;
BETA;10;11916;14261;13052,2;10;5802,83;
P_0;0,01;11907;14240;13177,7;10;5750,42;
P_0;0,025;11596;14928;13012,1;10;5898,38;
P_0;0,05;11596;14098;12865,7;10;6104,93;
P_0;0,1;11023;13465;12370;10;6011,82;
P_0;0,2;11126;14528;12931,1;10;6153,74;
P_0;0,3;12150;15338;13435,1;10;6222,48;
NUM_ANTS;30;11045;14090;12726,2;10;1795,72;
NUM_ANTS;40;11619;13844;12918,1;10;1681,3;
NUM_ANTS;50;12536;14098;13451,1;10;2044,96;
NUM_ANTS;75;11433;14128;12702,3;10;3041,57;
NUM_ANTS;100;11870;14366;13323,3;10;4038,32;
NUM_ANTS;150;11025;13855;13066;10;5893,08;
Q;10;12100;13903;12898,2;10;3139,97;
Q;50;12499;13890;13156,4;10;3154,87;
Q;100;11338;13241;12297,1;10;3169,38;
Q;250;12211;13477;12989,4;10;3121,07;
Q;500;11748;14069;13081,8;10;3157,46;
Q;750;10957;13887;12895,2;10;3144,08;
Q;1000;11043;13492;12668,2;10;3167,51;
Q;1500;11927;14060;13119,6;10;3143,48;
RHO;0,1;11374;14167;12853,1;10;3148,62;
RHO;0,3;11098;13959;12647,7;10;3108,31;
RHO;0,5;11025;14003;13035,2;10;3122,1;
RHO;0,6;12040;14245;13098;10;3137,59;
RHO;0,7;11036;13427;12730,7;10;3135,39;
RHO;0,75;11543;14098;13141,2;10;3135,77;
RHO;0,8;11549;13967;12876,5;10;3158,61;
RHO;0,85;11357;13964;12998,5;10;3130,04;
RHO;0,9;11425;13639;12543,3;10;3151,11;
TAU_0;0,001;12143;14138;13122,5;10;3139,86;
TAU_0;0,01;11290;13919;12716,2;10;3132,72;
TAU_0;0,1;11188;14318;13098,3;10;3152,8;
TAU_0;0,25;12073;14262;12939,4;10;3164,32;
TAU_0;0,5;11619;14166;13039,8;10;3126,79;
TAU_0;0,75;11228;13976;12581,9;10;3206,78;
TAU_0;1;11311;13841;12924,1;10;3157,16;
MAX_ITERATIONS;500;11111;14324;13038,5;10;2210,13;
MAX_ITERATIONS;750;11174;13841;12895,2;10;3025,51;
MAX_ITERATIONS;1000;11898;13842;13113,8;10;4041,35;
MAX_ITERATIONS;1500;10846;13246;12333,9;10;5915,8;
MAX_ITERATIONS;2000;11211;13409;12542,2;10;7839,58;
MAX_ITERATIONS;3000;11916;13798;12739,9;10;11479,8;
;;;;;;;
=== Best Configuration Found ===;;;;;;;
ALPHA=0,0100;BETA=1,5000;RHO=0,9000;Q=100,00;;;;
TAU_0=0,7500;P_0=0,1000;NUM_ANTS=75;MAX_ITERATIONS=1500;;;;
;;;;;;;
;;;;;;;
=== Tuning Experiment 3 ===;;;;;;;
;;;;;;;
=== New Experiment ===;;;;;;;
Started: 2025-03-28 22:09:20;;;;;;;
Initial parameters:;;;;;;;
ALPHA=0,0100;BETA=1,5000;RHO=0,9000;Q=100,00;TAU_0=0,7500;P_0=0,1000;NUM_ANTS=75;MAX_ITERATIONS=1500
;;;;;;;
ALPHA;0,001;10846;14092;12730,5;10;6113,14;
ALPHA;0,01;11816;13853;12951,1;10;6090,42;
ALPHA;0,1;11662;13871;12691,3;10;6096,98;
ALPHA;0,3;11087;13920;12617,2;10;6223,87;
ALPHA;0,5;11285;13863;12754,6;10;5711,54;
ALPHA;0,7;12496;14019;13248,5;10;6034,42;
ALPHA;1;11250;13945;12733,3;10;6061,49;
ALPHA;1,5;11188;13815;13132,9;10;6102,39;
BETA;0,5;11635;13308;12645,4;10;5738,2;
BETA;0,75;11873;13771;12926,8;10;6023,85;
BETA;1;11174;13774;12852,8;10;6103,23;
BETA;1,5;11247;13504;12495,1;10;6071,51;
BETA;2;11899;13157;12551,4;10;5701,53;
BETA;3;11407;13908;12680,3;10;6043,01;
BETA;4;12305;13711;13209,4;10;6087,9;
BETA;5;11043;13798;12972,7;10;6095,88;
BETA;10;11259;13842;12636,6;10;6099,5;
P_0;0,01;12290;14352;13099,6;10;5787,27;
P_0;0,025;11652;14129;12993,2;10;5935,22;
P_0;0,05;11927;13572;12906;10;5966,41;
P_0;0,1;11596;13636;12370,8;10;6074,52;
P_0;0,2;11993;14135;12909,7;10;6105,22;
P_0;0,3;11709;15569;13886,6;10;6169,29;
NUM_ANTS;30;12303;14080;12851,9;10;2900,44;
NUM_ANTS;40;11658;13852;13069,2;10;3478,58;
NUM_ANTS;50;12042;13740;12980,1;10;4849,55;
NUM_ANTS;75;11596;13828;12873,8;10;6508,7;
NUM_ANTS;100;11056;13789;12904,3;10;8909,3;
NUM_ANTS;150;12120;13695;13219,4;10;12592,88;
Q;10;10952;14340;13265,2;10;2789,37;
Q;50;11664;14082;12825,4;10;2863,73;
Q;100;11642;13853;12663,1;10;2716,38;
Q;250;12106;14261;13462,7;10;2741,81;
Q;500;11625;13678;12901;10;2832,52;
Q;750;11205;14019;12578;10;2735,36;
Q;1000;11583;14043;12904,6;10;2679,85;
Q;1500;12375;14229;13199,9;10;2862,76;
RHO;0,1;12453;14136;13273,3;10;2832,19;
RHO;0,3;11331;14225;12746,8;10;2807,17;
RHO;0,5;12319;13873;13062,9;10;2731,11;
RHO;0,6;11621;14124;13243,1;10;2823,83;
RHO;0,7;11418;13941;12981,3;10;2858,85;
RHO;0,8;12246;13979;13149;10;2802,84;
RHO;0,85;11160;14178;12896,1;10;3145,54;
RHO;0,9;11056;13571;12812,3;10;2951,24;
TAU_0;0,001;11025;13740;12912,3;10;2744,14;
TAU_0;0,01;12194;13919;13102,3;10;2773,06;
TAU_0;0,1;11909;14137;12938,3;10;2873,01;
TAU_0;0,25;12165;14072;13067;10;2782,92;
TAU_0;0,5000;11474,00;14003,00;12925,80;10;2823,53
TAU_0;0,7500;12486,00;13834,00;13135,70;10;2690,43
TAU_0;1,0000;11963,00;14554,00;12878,40;10;2607,67
MAX_ITERATIONS;500;11185,00;14158,00;12917,90;10;1053,05
MAX_ITERATIONS;750;11907,00;14337,00;13416,30;10;1503,26
MAX_ITERATIONS;1000;12042,00;14411,00;13316,90;10;1699,90
MAX_ITERATIONS;1500;12517,00;14161,00;13420,70;10;2487,37
MAX_ITERATIONS;2000;11190,00;13853,00;12511,10;10;3368,68
MAX_ITERATIONS;3000;11605,00;13375,00;12491,40;10;4975,25

=== Best Configuration Found ===
ALPHA=0,3000;BETA=1,5000;RHO=0,7500;Q=750,00;
TAU_0=1,0000;P_0=0,1000;NUM_ANTS=30;MAX_ITERATIONS=3000


=== Tuning Experiment 4 ===

=== New Experiment ===
Started: 2025-03-28 22:56:56
Initial parameters:
ALPHA=0,3000;BETA=1,5000;RHO=0,7500;Q=750,00;TAU_0=1,0000;P_0=0,1000;NUM_ANTS=30;MAX_ITERATIONS=3000

ALPHA;0,0010;11485,00;14092,00;12595,50;10;5154,13
ALPHA;0,0100;11839,00;13789,00;13300,00;10;5286,43
ALPHA;0,1000;11903,00;13711,00;13014,10;10;5208,77
ALPHA;0,3000;11800,00;13498,00;12696,70;10;5243,27
ALPHA;0,5000;11079,00;14006,00;12587,60;10;4932,30
ALPHA;0,7000;11110,00;13853,00;12816,40;10;5196,68
ALPHA;1,0000;11975,00;13499,00;12809,60;10;5193,41
ALPHA;1,5000;11651,00;13903,00;13082,10;10;5220,05
BETA;0,5000;12479,00;13798,00;13178,70;10;4538,87
BETA;0,7500;11034,00;14014,00;12785,10;10;4959,10
BETA;1,0000;11420,00;14047,00;12781,90;10;4883,25
BETA;1,5000;12011,00;13551,00;13039,60;10;4870,72
BETA;2,0000;11960,00;13408,00;12631,60;10;4495,99
BETA;3,0000;11738,00;13534,00;12820,20;10;4816,27
BETA;4,0000;11930,00;13805,00;13120,50;10;4967,63
BETA;5,0000;10986,00;13658,00;12697,30;10;4910,31
BETA;10,0000;12209,00;13829,00;13108,70;10;4900,13
P_0;0,0100;11733,00;14399,00;13204,30;10;4164,05
P_0;0,0250;12127,00;13301,00;12676,80;10;4240,40
P_0;0,0500;11907,00;13733,00;12897,60;10;4367,90
P_0;0,1000;11322,00;13955,00;12829,30;10;4448,66
P_0;0,2000;11581,00;14635,00;13218,70;10;4586,55
P_0;0,3000;12962,00;14971,00;13809,40;10;4618,77
NUM_ANTS;30;11691,00;14085,00;12583,00;10;4252,77
NUM_ANTS;40;11788,00;14414,00;12751,30;10;5454,02
NUM_ANTS;50;11700,00;13798,00;12562,00;10;6677,64
NUM_ANTS;75;11788,00;13570,00;12605,90;10;9622,79
NUM_ANTS;100;12453,00;13776,00;12895,30;10;13054,15
NUM_ANTS;150;11907,00;13497,00;12904,70;10;19409,12
Q;10,0000;11596,00;13703,00;12635,80;10;6925,13
Q;50,0000;11582,00;13798,00;13070,20;10;7339,23
Q;100,0000;11947,00;13930,00;13186,80;10;7070,37
Q;250,0000;11907,00;13900,00;12707,90;10;6679,05
Q;500,0000;11878,00;13875,00;13025,90;10;6658,07
Q;750,0000;11907,00;13660,00;12843,40;10;6731,44
Q;1000,0000;11186,00;14377,00;12880,30;10;6855,93
Q;1500,0000;11560,00;13636,00;12659,40;10;6722,52
RHO;0,1000;12072,00;14107,00;12994,90;10;6808,07
RHO;0,3000;11691,00;13798,00;12821,10;10;6832,84
RHO;0,5000;10966,00;13409,00;12327,80;10;6654,19
RHO;0,6000;10880,00;13786,00;12196,60;10;6636,05
RHO;0,7000;11596,00;13894,00;12851,90;10;6756,88
RHO;0,7500;11691,00;13427,00;12756,20;10;6676,16
RHO;0,8000;12364,00;13995,00;13091,30;10;6650,98
RHO;0,8500;11188,00;13565,00;12622,30;10;6610,17
RHO;0,9000;11319,00;14045,00;12943,30;10;6676,84
TAU_0;0,0010;11036,00;13561,00;12417,90;10;6700,38
TAU_0;0,0100;11907,00;14098,00;13273,10;10;6820,99
TAU_0;0,1000;11596,00;13124,00;12537,70;10;6743,49
TAU_0;0,2500;11605,00;14097,00;12970,70;10;6635,98
TAU_0;0,5000;11947,00;14142,00;12936,00;10;6605,92
TAU_0;0,7500;11651,00;13301,00;12559,70;10;6637,87
TAU_0;1,0000;11084,00;14046,00;12559,70;10;6650,87
MAX_ITERATIONS;500;11916,00;13673,00;12575,40;10;1670,44
MAX_ITERATIONS;750;11907,00;13960,00;12912,50;10;1651,85
MAX_ITERATIONS;1000;11492,00;14246,00;12744,80;10;2192,63
MAX_ITERATIONS;1500;12426,00;13772,00;13272,00;10;3305,91
MAX_ITERATIONS;2000;11907,00;13895,00;13182,90;10;4395,85
MAX_ITERATIONS;3000;11639,00;13806,00;12658,10;10;6503,10

=== Best Configuration Found ===
ALPHA=0,5000;BETA=2,0000;RHO=0,6000;Q=10,00;
TAU_0=0,0010;P_0=0,0250;NUM_ANTS=50;MAX_ITERATIONS=500


=== Tuning Experiment 5 ===

=== New Experiment ===
Started: 2025-03-28 23:56:26
Initial parameters:
ALPHA=0,5000;BETA=2,0000;RHO=0,6000;Q=10,00;TAU_0=0,0010;P_0=0,0250;NUM_ANTS=50;MAX_ITERATIONS=500

ALPHA;0,0010;11907,00;14439,00;13034,00;10;1276,19
ALPHA;0,0100;11700,00;14105,00;12832,50;10;1243,66
ALPHA;0,1000;10980,00;13320,00;12077,50;10;1271,32
ALPHA;0,3000;11596,00;14439,00;12990,60;10;1254,00
ALPHA;0,5000;11907,00;14801,00;13506,20;10;1169,76
ALPHA;0,7000;11175,00;14751,00;13103,40;10;1255,33
ALPHA;1,0000;11700,00;14136,00;12973,00;10;1259,58
ALPHA;1,5000;12364,00;14518,00;13181,70;10;1257,32
BETA;0,5000;11916,00;14801,00;13068,30;10;1267,53
BETA;0,7500;11793,00;14376,00;13331,10;10;1317,18
BETA;1,0000;12298,00;14098,00;13451,40;10;1382,70
BETA;1,5000;12434,00;14005,00;13000,80;10;1379,28
BETA;2,0000;10966,00;14223,00;12571,40;10;1243,20
BETA;3,0000;11596,00;13995,00;12698,40;10;1349,97
BETA;4,0000;11832,00;14327,00;13264,60;10;1395,75
BETA;5,0000;11907,00;14361,00;12794,20;10;1348,74
BETA;10,0000;11907,00;14288,00;13003,20;10;1342,35
P_0;0,0100;11694,00;14881,00;13018,10;10;1230,97
P_0;0,0250;11605,00;14191,00;12794,10;10;1235,10
P_0;0,0500;11727,00;14098,00;12647,80;10;1389,58
P_0;0,1000;11319,00;14098,00;12942,90;10;1293,91
P_0;0,2000;11871,00;14785,00;13472,70;10;1323,56
P_0;0,3000;12060,00;15659,00;13723,20;10;1357,69
NUM_ANTS;30;11403,00;14020,00;13079,30;10;823,79
NUM_ANTS;40;11916,00;13592,00;12809,70;10;1015,97
NUM_ANTS;50;11757,00;14055,00;12668,80;10;1249,82
NUM_ANTS;75;11605,00;14407,00;13049,50;10;1829,80
NUM_ANTS;100;11907,00;14062,00;13042,50;10;2649,99
NUM_ANTS;150;11697,00;13396,00;12510,30;10;3745,74
Q;10,0000;10775,00;13494,00;12418,80;10;3860,74
Q;50,0000;11661,00;13779,00;12628,90;10;3811,90
Q;100,0000;10952,00;13501,00;12651,40;10;3900,48
Q;250,0000;10898,00;13197,00;12446,90;10;3842,54
Q;500,0000;11081,00;14065,00;12433,40;10;3868,25
Q;750,0000;11340,00;13446,00;12507,90;10;3891,24
Q;1000,0000;11605,00;14021,00;12680,50;10;3888,34
Q;1500,0000;11788,00;13767,00;12646,10;10;3793,12
RHO;0,1000;11596,00;13881,00;13042,00;10;3879,61
RHO;0,3000;11475,00;13798,00;12817,40;10;3890,43
RHO;0,5000;11691,00;13253,00;12694,90;10;3817,63
RHO;0,6000;11907,00;13472,00;12617,40;10;3862,58
RHO;0,7000;11907,00;13553,00;12763,70;10;3851,05
RHO;0,7500;11700,00;13641,00;12658,70;10;3820,45
RHO;0,8000;11907,00;13274,00;12578,90;10;3848,16
RHO;0,8500;11596,00;13544,00;12521,20;10;3825,60
RHO;0,9000;11214,00;13396,00;12477,80;10;3849,07
TAU_0;0,0010;11273,00;13959,00;12596,30;10;3894,28
TAU_0;0,0100;11907,00;13639,00;12810,30;10;3830,53
TAU_0;0,1000;12127,00;13884,00;12844,00;10;3829,66
TAU_0;0,2500;11722,00;13670,00;12941,70;10;3872,36
TAU_0;0,5000;11916,00;14085,00;12934,60;10;3844,76
TAU_0;0,7500;11691,00;13679,00;12586,40;10;3979,08
TAU_0;1,0000;11605,00;13840,00;12663,00;10;3858,63
MAX_ITERATIONS;500;11377,00;14290,00;12924,10;10;3840,81
MAX_ITERATIONS;750;12364,00;13409,00;12978,30;10;5490,35
MAX_ITERATIONS;1000;11637,00;13301,00;12648,20;10;7452,19
MAX_ITERATIONS;1500;11922,00;13670,00;12732,20;10;10659,07
MAX_ITERATIONS;2000;11715,00;13493,00;12599,30;10;14264,10
MAX_ITERATIONS;3000;11084,00;12580,00;11881,30;10;20996,81

=== Best Configuration Found ===
ALPHA=0,1000;BETA=2,0000;RHO=0,9000;Q=10,00;
TAU_0=0,7500;P_0=0,0500;NUM_ANTS=150;MAX_ITERATIONS=3000


=== Tuning Experiment 1 ===

=== New Experiment ===
Started: 2025-03-29 11:49:45
Initial parameters:
ALPHA=0,1000;BETA=10,0000;RHO=0,6000;Q=100,00;TAU_0=1,0000;P_0=0,0250;NUM_ANTS=100;MAX_ITERATIONS=1500

ALPHA;0,0010;11916,00;14185,00;13298,40;10;7909,32
ALPHA;0,0100;11907,00;14006,00;12743,40;10;8010,71
ALPHA;0,1000;12167,00;14202,00;12830,80;10;7973,68
ALPHA;0,3000;11596,00;13936,00;12932,10;10;7954,15
ALPHA;0,5000;11110,00;14021,00;12707,40;10;7428,63
ALPHA;0,7000;11828,00;14085,00;13152,90;10;7890,78
ALPHA;1,0000;11915,00;13634,00;12779,70;10;8015,49
ALPHA;1,5000;11907,00;13798,00;12840,20;10;7981,32
BETA;0,5000;11907,00;13895,00;13113,60;10;6740,09
BETA;0,7500;11301,00;13886,00;12651,70;10;7243,58
BETA;1,0000;11043,00;14377,00;12854,80;10;7278,21
BETA;1,5000;11884,00;13784,00;12597,60;10;7224,88
BETA;2,0000;12459,00;13798,00;13256,50;10;6710,06
BETA;3,0000;11700,00;13841,00;12725,70;10;7287,01
BETA;4,0000;11596,00;13386,00;12392,80;10;7327,52
BETA;5,0000;11797,00;13427,00;12679,20;10;7425,63
BETA;10,0000;12223,00;13798,00;13021,70;10;7404,04
P_0;0,0100;11691,00;14185,00;13194,00;10;7221,48
P_0;0,0250;12167,00;14098,00;13122,60;10;7412,38
P_0;0,0500;11367,00;13853,00;13102,90;10;7554,12
P_0;0,1000;11445,00;13757,00;12570,10;10;7644,34
P_0;0,2000;12041,00;14047,00;13075,90;10;7787,70
P_0;0,3000;11949,00;15333,00;14055,60;10;7850,56
NUM_ANTS;30;12065,00;13866,00;13026,30;10;2850,77
NUM_ANTS;40;11175,00;14449,00;12289,30;10;3092,61
NUM_ANTS;50;11771,00;14051,00;12888,60;10;3903,38
NUM_ANTS;75;11073,00;14279,00;12915,00;10;5601,71
NUM_ANTS;100;11052,00;13549,00;12606,10;10;7496,15
NUM_ANTS;150;11175,00;13855,00;12581,60;10;11109,65
Q;10,0000;12139,00;13949,00;13020,90;10;3217,40
Q;50,0000;11596,00;13718,00;12889,20;10;3183,08
Q;100,0000;11806,00;14156,00;12822,60;10;3156,41
Q;250,0000;10095,00;13920,00;13037,70;10;3147,24
Q;500,0000;11383,00;14134,00;12892,00;10;3181,46
Q;750,0000;11548,00;13300,00;12626,10;10;3154,83
Q;1000,0000;12167,00;14203,00;13070,50;10;3158,46
Q;1500,0000;11285,00;13814,00;12576,60;10;3162,04
RHO;0,1000;12194,00;14052,00;13165,50;10;3190,96
RHO;0,3000;11457,00;13933,00;12782,50;10;3148,69
RHO;0,5000;12157,00;13902,00;13036,50;10;3200,40
RHO;0,6000;11927,00;13393,00;12671,60;10;3167,14
RHO;0,7000;11857,00;13778,00;12828,30;10;3173,18
RHO;0,7500;12475,00;14003,00;13504,60;10;3191,60
RHO;0,8000;12387,00;14136,00;13011,00;10;3183,98
RHO;0,8500;11479,00;14003,00;12978,10;10;3186,05
RHO;0,9000;11907,00;14208,00;13078,80;10;3199,31
TAU_0;0,0010;10952,00;13635,00;12675,30;10;3151,55
TAU_0;0,0100;11644,00;14183,00;13034,80;10;3160,45
TAU_0;0,1000;12571,00;13995,00;13123,50;10;3146,87
TAU_0;0,2500;12441,00;13721,00;13097,70;10;3170,45
TAU_0;0,5000;10997,00;13871,00;12799,30;10;3170,78
TAU_0;0,7500;12572,00;13562,00;13102,50;10;3177,69
TAU_0;1,0000;11625,00;14110,00;13336,00;10;3183,90
MAX_ITERATIONS;500;11328,00;14460,00;13392,70;10;1279,29
MAX_ITERATIONS;750;11532,00;14047,00;12643,60;10;1509,24
MAX_ITERATIONS;1000;11373,00;14398,00;13153,10;10;2015,78
MAX_ITERATIONS;1500;11643,00;13995,00;12823,20;10;3073,27
MAX_ITERATIONS;2000;11127,00;13932,00;12424,20;10;4119,25
MAX_ITERATIONS;3000;11698,00;13768,00;12784,90;10;6208,31

=== Best Configuration Found ===
ALPHA=0,5000;BETA=4,0000;RHO=0,6000;Q=1500,00;
TAU_0=0,0010;P_0=0,1000;NUM_ANTS=40;MAX_ITERATIONS=2000


=== Tuning Experiment 2 ===

=== New Experiment ===
Started: 2025-03-29 12:43:20
Initial parameters:
ALPHA=0,5000;BETA=4,0000;RHO=0,6000;Q=1500,00;TAU_0=0,0010;P_0=0,1000;NUM_ANTS=40;MAX_ITERATIONS=2000

ALPHA;0,0010;10942,00;13461,00;12733,30;10;4485,53
ALPHA;0,0100;11642,00;14326,00;13033,80;10;4484,69
ALPHA;0,1000;12176,00;14098,00;13315,80;10;4501,06
ALPHA;0,3000;11211,00;13540,00;12639,40;10;4501,27
ALPHA;0,5000;12049,00;13959,00;13158,00;10;4273,90
ALPHA;0,7000;11205,00;14129,00;12832,60;10;4430,39
ALPHA;1,0000;11681,00;14311,00;13185,50;10;4488,96
ALPHA;1,5000;11180,00;13734,00;12369,10;10;4485,85
BETA;0,5000;11853,00;13825,00;12776,10;10;4274,60
BETA;0,7500;11742,00;14055,00;12735,60;10;4405,69
BETA;1,0000;12177,00;14170,00;13416,90;10;4465,89
BETA;1,5000;10966,00;13841,00;12736,70;10;4492,27
BETA;2,0000;12028,00;13965,00;12975,20;10;4179,62
BETA;3,0000;11728,00;13763,00;12909,90;10;4463,42
BETA;4,0000;11763,00;14019,00;12919,10;10;4510,74
BETA;5,0000;11228,00;13599,00;12442,10;10;4637,03
BETA;10,0000;12195,00;13969,00;13129,40;10;4459,76
P_0;0,0100;11869,00;14931,00;13303,60;10;4245,59
P_0;0,0250;11596,00;13596,00;12827,20;10;4327,07
P_0;0,0500;11405,00;13891,00;13275,80;10;4384,46
P_0;0,1000;11758,00;13991,00;12884,70;10;4478,62
P_0;0,2000;12119,00;13967,00;13075,90;10;4506,09
P_0;0,3000;11750,00;15152,00;13853,30;10;4533,55
NUM_ANTS;30;11203,00;14399,00;12917,10;10;3334,37
NUM_ANTS;40;12364,00;13885,00;13066,80;10;4405,30
NUM_ANTS;50;11916,00;13920,00;12877,60;10;5334,50
NUM_ANTS;75;11127,00;13594,00;12538,00;10;7641,08
NUM_ANTS;100;11596,00;14011,00;12721,00;10;10137,79
NUM_ANTS;150;11691,00;13853,00;12679,60;10;17766,10
Q;10,0000;11816,00;14101,00;12890,00;10;8849,76
Q;50,0000;11161,00;13639,00;12762,00;10;9620,40
Q;100,0000;11907,00;14098,00;13041,40;10;9656,67
Q;250,0000;11907,00;14004,00;12844,70;10;9676,94
Q;500,0000;11211,00;13713,00;12333,50;10;10283,76
Q;750,0000;11828,00;13437,00;12718,20;10;9272,50
Q;1000,0000;11605,00;14071,00;12411,20;10;8148,09
Q;1500,0000;12106,00;13431,00;12688,00;10;8636,17
RHO;0,1000;11907,00;13301,00;12716,50;10;8865,64
RHO;0,3000;11907,00;13409,00;12582,00;10;8936,59
RHO;0,5000;11596,00;14241,00;12880,20;10;9234,83
RHO;0,6000;12167,00;13669,00;12755,60;10;11100,83
RHO;0,7000;11596,00;13798,00;12586,60;10;17765,06
RHO;0,7500;11907,00;13912,00;12794,80;10;16556,89
RHO;0,8000;11907,00;14100,00;12700,70;10;14690,32
RHO;0,8500;11797,00;13853,00;13051,80;10;17007,84
RHO;0,9000;11788,00;14229,00;13091,80;10;16618,84
TAU_0;0,0010;11916,00;13775,00;12982,70;10;16830,83
TAU_0;0,0100;12068,00;14078,00;12849,60;10;16945,72
TAU_0;0,1000;12434,00;13798,00;12887,20;10;17027,06
TAU_0;0,2500;11664,00;14137,00;12909,00;10;17009,21
TAU_0;0,5000;11596,00;13959,00;12876,60;10;17001,39
TAU_0;0,7500;11907,00;13771,00;12623,10;10;17013,22
TAU_0;1,0000;11596,00;13916,00;12768,50;10;16664,21
MAX_ITERATIONS;500;11110,00;14325,00;12632,80;10;5331,03
MAX_ITERATIONS;750;12167,00;14439,00;13086,60;10;5945,22
MAX_ITERATIONS;1000;11878,00;14142,00;12747,40;10;6592,00
MAX_ITERATIONS;1500;11596,00;14241,00;12882,40;10;12320,94
MAX_ITERATIONS;2000;11907,00;14185,00;12906,10;10;16537,46
MAX_ITERATIONS;3000;11596,00;13537,00;12598,30;10;24478,52

=== Best Configuration Found ===
ALPHA=1,5000;BETA=5,0000;RHO=0,3000;Q=500,00;
TAU_0=0,7500;P_0=0,0250;NUM_ANTS=75;MAX_ITERATIONS=3000


=== Tuning Experiment 3 ===

=== New Experiment ===
Started: 2025-03-29 14:33:25
Initial parameters:
ALPHA=1,5000;BETA=5,0000;RHO=0,3000;Q=500,00;TAU_0=0,7500;P_0=0,0250;NUM_ANTS=75;MAX_ITERATIONS=3000

ALPHA;0,0010;11916,00;13354,00;12456,00;10;22596,67
ALPHA;0,0100;11862,00;13830,00;13228,90;10;15388,17
ALPHA;0,1000;11596,00;13427,00;12828,50;10;11296,44
ALPHA;0,3000;12167,00;13822,00;12770,60;10;11433,02
ALPHA;0,5000;11907,00;13942,00;12953,20;10;10510,30
ALPHA;0,7000;11679,00;13866,00;13123,50;10;11158,97
ALPHA;1,0000;11623,00;13427,00;12458,50;10;11137,29
ALPHA;1,5000;11700,00;13935,00;13035,40;10;11175,21
BETA;0,5000;11500,00;13409,00;12821,60;10;10501,76
BETA;0,7500;11797,00;13427,00;12320,60;10;11417,14
BETA;1,0000;11711,00;13798,00;12907,30;10;11411,72
BETA;1,5000;11040,00;13427,00;12656,90;10;11256,99
BETA;2,0000;11700,00;14097,00;13091,10;10;10550,72
BETA;3,0000;11707,00;13853,00;12589,20;10;11191,14
BETA;4,0000;11788,00;13404,00;12591,50;10;11253,21
BETA;5,0000;11907,00;13972,00;12774,20;10;11142,82
BETA;10,0000;11755,00;13959,00;12603,80;10;11207,84
P_0;0,0100;11605,00;14384,00;12907,70;10;11030,03
P_0;0,0250;11079,00;13301,00;12387,90;10;11312,72
P_0;0,0500;11596,00;13634,00;12567,30;10;11475,18
P_0;0,1000;11202,00;13409,00;12361,30;10;11604,99
P_0;0,2000;11797,00;14297,00;13004,20;10;11829,20
P_0;0,3000;12801,00;14632,00;13579,50;10;11696,60
NUM_ANTS;30;11752,00;13643,00;12710,30;10;5501,34
NUM_ANTS;40;11621,00;13541,00;12545,20;10;6217,96
NUM_ANTS;50;11188,00;13567,00;12377,80;10;7703,34
NUM_ANTS;75;11907,00;13671,00;12996,40;10;11304,84
NUM_ANTS;100;11043,00;13798,00;12417,70;10;15103,61
NUM_ANTS;150;11110,00;13627,00;12807,10;10;22257,18
Q;10,0000;11945,00;13433,00;12625,00;10;8086,59
Q;50,0000;11681,00;13749,00;12691,40;10;8024,13
Q;100,0000;12190,00;13836,00;13141,60;10;12964,39
Q;250,0000;11443,00;14009,00;12761,10;10;17891,64
Q;500,0000;11910,00;13666,00;12537,90;10;17601,35
Q;750,0000;12106,00;13594,00;12626,70;10;17321,57
Q;1000,0000;11578,00;13689,00;12851,50;10;17748,38
Q;1500,0000;10795,00;14003,00;12886,80;10;17851,07
RHO;0,1000;11128,00;13731,00;12759,50;10;15029,18
RHO;0,3000;11928,00;13706,00;12848,50;10;17373,14
RHO;0,5000;11373,00;13815,00;12748,70;10;17959,93
RHO;0,6000;11239,00;13798,00;12538,00;10;9733,91
RHO;0,7000;11404,00;13459,00;12374,80;10;8114,14
RHO;0,7500;11160,00;13859,00;12856,80;10;9227,28
RHO;0,8000;11032,00;13749,00;12329,60;10;11523,18
RHO;0,8500;11025,00;13616,00;12527,70;10;9623,83
RHO;0,9000;10994,00;13294,00;12549,50;10;10630,47
TAU_0;0,0010;11564,00;13643,00;12794,80;10;10349,70
TAU_0;0,0100;11995,00;13429,00;12667,60;10;9966,61
TAU_0;0,1000;11716,00;13552,00;12517,50;10;10308,40
TAU_0;0,2500;11110,00;14089,00;12306,50;10;10241,43
TAU_0;0,5000;11182,00;13696,00;12606,00;10;10132,58
TAU_0;0,7500;11639,00;13659,00;12744,50;10;10179,13
TAU_0;1,0000;12112,00;13520,00;12795,10;10;10116,08
MAX_ITERATIONS;500;11861,00;14350,00;13268,00;10;2550,72
MAX_ITERATIONS;750;11280,00;14006,00;12767,20;10;2509,65
MAX_ITERATIONS;1000;11890,00;13802,00;12931,60;10;3365,45
MAX_ITERATIONS;1500;11947,00;13644,00;12923,30;10;5057,18
MAX_ITERATIONS;2000;11282,00;13660,00;12846,60;10;6824,00
MAX_ITERATIONS;3000;11110,00;13859,00;12923,20;10;8520,82

=== Best Configuration Found ===
ALPHA=0,0010;BETA=0,7500;RHO=0,8000;Q=500,00;
TAU_0=0,2500;P_0=0,1000;NUM_ANTS=50;MAX_ITERATIONS=750


=== Tuning Experiment 4 ===

=== New Experiment ===
Started: 2025-03-29 16:26:33
Initial parameters:
ALPHA=0,0010;BETA=0,7500;RHO=0,8000;Q=500,00;TAU_0=0,2500;P_0=0,1000;NUM_ANTS=50;MAX_ITERATIONS=750

ALPHA;0,0010;11916,00;14150,00;13195,60;10;2062,13
ALPHA;0,0100;12065,00;14543,00;13282,60;10;2137,35
ALPHA;0,1000;12306,00;14207,00;13318,90;10;2048,74
ALPHA;0,3000;11788,00;14605,00;13304,60;10;2036,60
ALPHA;0,5000;11782,00;13991,00;13069,20;10;1971,44
ALPHA;0,7000;11391,00;13917,00;13108,50;10;2037,11
ALPHA;1,0000;11175,00;13995,00;13233,40;10;2053,44
ALPHA;1,5000;11203,00;14351,00;12705,80;10;2077,55
BETA;0,5000;12566,00;13311,00;12930,30;10;1925,42
BETA;0,7500;11568,00;14085,00;12882,10;10;2051,78
BETA;1,0000;11249,00;14098,00;12989,10;10;2074,42
BETA;1,5000;11055,00;13673,00;12655,60;10;2052,72
BETA;2,0000;11158,00;14365,00;13246,80;10;1941,63
BETA;3,0000;12575,00;14362,00;13535,20;10;2069,73
BETA;4,0000;10972,00;14299,00;13099,10;10;2065,53
BETA;5,0000;12005,00;14527,00;13410,50;10;2031,39
BETA;10,0000;11017,00;13261,00;12556,70;10;2072,33
P_0;0,0100;11916,00;14667,00;13256,00;10;1940,41
P_0;0,0250;11907,00;14519,00;13293,80;10;2022,19
P_0;0,0500;11397,00;13783,00;12921,90;10;2330,11
P_0;0,1000;11596,00;13934,00;12998,40;10;4205,46
P_0;0,2000;11987,00;14077,00;13033,40;10;4745,70
P_0;0,3000;11582,00;14774,00;13297,80;10;4646,45
NUM_ANTS;30;11313,00;13990,00;12878,60;10;2938,90
NUM_ANTS;40;11895,00;13671,00;12845,20;10;3350,86
NUM_ANTS;50;11084,00;13485,00;12544,70;10;4434,37
NUM_ANTS;75;11544,00;13817,00;13082,90;10;6549,60
NUM_ANTS;100;11596,00;14122,00;13131,40;10;8913,83
NUM_ANTS;150;12210,00;14003,00;13090,30;10;13183,42
Q;10,0000;11788,00;14164,00;13177,70;10;4554,54
Q;50,0000;11596,00;13427,00;12415,00;10;4598,35
Q;100,0000;12380,00;14208,00;13366,30;10;4589,49
Q;250,0000;11624,00;14036,00;12737,10;10;4600,90
Q;500,0000;11191,00;14045,00;12670,40;10;4550,60
Q;750,0000;11907,00;14288,00;13197,40;10;4574,25
Q;1000,0000;10939,00;14302,00;12896,90;10;4582,58
Q;1500,0000;11907,00;13932,00;12957,70;10;4577,25
RHO;0,1000;10977,00;14190,00;12788,60;10;4526,76
RHO;0,3000;12251,00;13939,00;13174,70;10;4460,96
RHO;0,5000;12167,00;13666,00;12920,50;10;4574,17
RHO;0,6000;11907,00;14307,00;13012,70;10;4526,44
RHO;0,7000;11890,00;13854,00;12913,10;10;4484,28
RHO;0,7500;11025,00;13745,00;12466,20;10;4541,63
RHO;0,8000;11995,00;14087,00;13185,60;10;4646,78
RHO;0,8500;12333,00;14111,00;13073,50;10;4626,68
RHO;0,9000;11596,00;13566,00;12546,40;10;4608,63
TAU_0;0,0010;11454,00;14314,00;12889,70;10;4563,12
TAU_0;0,0100;11907,00;13755,00;12805,30;10;4641,80
TAU_0;0,1000;11230,00;14046,00;12716,70;10;4592,31
TAU_0;0,2500;12068,00;13181,00;12609,20;10;4591,48
TAU_0;0,5000;11907,00;14131,00;13004,80;10;4597,11
TAU_0;0,7500;11691,00;13992,00;12827,20;10;4530,67
TAU_0;1,0000;11211,00;13576,00;12556,00;10;4432,78
MAX_ITERATIONS;500;12133,00;14156,00;12772,90;10;3186,91
MAX_ITERATIONS;750;12293,00;14131,00;13231,50;10;4478,98
MAX_ITERATIONS;1000;11308,00;13711,00;12638,30;10;5919,19
MAX_ITERATIONS;1500;11906,00;13774,00;12970,30;10;8523,93
MAX_ITERATIONS;2000;11700,00;13301,00;12498,50;10;11715,87
MAX_ITERATIONS;3000;11907,00;13301,00;12543,20;10;17567,30

=== Best Configuration Found ===
ALPHA=1,5000;BETA=10,0000;RHO=0,7500;Q=50,00;
TAU_0=1,0000;P_0=0,0500;NUM_ANTS=50;MAX_ITERATIONS=2000


=== Tuning Experiment 5 ===

=== New Experiment ===
Started: 2025-03-29 17:19:09
Initial parameters:
ALPHA=1,5000;BETA=10,0000;RHO=0,7500;Q=50,00;TAU_0=1,0000;P_0=0,0500;NUM_ANTS=50;MAX_ITERATIONS=2000

ALPHA;0,0010;12364,00;13427,00;12995,80;10;12582,56
ALPHA;0,0100;11865,00;13649,00;12659,10;10;12076,80
ALPHA;0,1000;11916,00;13453,00;12821,70;10;12309,65
ALPHA;0,3000;12238,00;14003,00;13163,60;10;12216,58
ALPHA;0,5000;12293,00;13703,00;12988,60;10;11457,01
ALPHA;0,7000;11700,00;13798,00;12724,80;10;12226,04
ALPHA;1,0000;11730,00;13427,00;12634,80;10;12426,87
ALPHA;1,5000;11923,00;13767,00;12882,10;10;12382,04
BETA;0,5000;11577,00;13565,00;12560,00;10;11646,19
BETA;0,7500;11937,00;13699,00;12543,30;10;11746,53
BETA;1,0000;11596,00;13791,00;12918,80;10;11682,15
BETA;1,5000;11916,00;13681,00;12858,00;10;11846,29
BETA;2,0000;11691,00;13764,00;12748,70;10;10884,44
BETA;3,0000;12238,00;14098,00;13256,50;10;11636,68
BETA;4,0000;11127,00;14148,00;12642,30;10;11658,72
BETA;5,0000;11211,00;14023,00;12801,30;10;10969,65
BETA;10,0000;11073,00;13917,00;12958,80;10;5547,28
P_0;0,0100;11853,00;14297,00;12798,10;10;5235,52
P_0;0,0250;11319,00;13798,00;12701,40;10;5502,54
P_0;0,0500;11907,00;14081,00;13019,90;10;5627,04
P_0;0,1000;12369,00;13834,00;13032,10;10;5689,72
P_0;0,2000;12939,00;14746,00;13782,70;10;5739,49
P_0;0,3000;12107,00;14562,00;13457,50;10;5906,18
NUM_ANTS;30;11797,00;14316,00;13088,50;10;3658,90
NUM_ANTS;40;11204,00;14160,00;12920,90;10;4313,63
NUM_ANTS;50;11605,00;13525,00;12795,70;10;5346,23
NUM_ANTS;75;11907,00;13409,00;12689,60;10;7780,52
NUM_ANTS;100;11700,00;13743,00;12475,40;10;10417,12
NUM_ANTS;150;11691,00;13431,00;12647,50;10;15349,78
Q;10,0000;11691,00;13460,00;12517,50;10;10668,86
Q;50,0000;11596,00;14302,00;12707,70;10;10648,52
Q;100,0000;12453,00;13427,00;13003,50;10;10735,21
Q;250,0000;11788,00;14124,00;12768,80;10;10660,69
Q;500,0000;11604,00;13775,00;12856,20;10;10692,69
Q;750,0000;11691,00;13798,00;12594,40;10;10619,89
Q;1000,0000;11691,00;13565,00;12674,90;10;10660,03
Q;1500,0000;11691,00;14261,00;12791,10;10;10689,51
RHO;0,1000;11596,00;13427,00;12400,20;10;10629,92
RHO;0,3000;11596,00;14209,00;12713,00;10;10645,35
RHO;0,5000;11907,00;13845,00;12748,60;10;10677,66
RHO;0,6000;11907,00;14229,00;12660,50;10;10645,85
RHO;0,7000;12453,00;13801,00;13211,90;10;10725,08
RHO;0,7500;11700,00;13930,00;12871,90;10;10672,69
RHO;0,8000;11605,00;14022,00;12491,10;10;10652,97
RHO;0,8500;11927,00;13959,00;12874,80;10;10922,34
RHO;0,9000;11560,00;13895,00;12796,20;10;10673,00
TAU_0;0,0010;11340,00;13408,00;12712,20;10;10824,84
TAU_0;0,0100;11596,00;13772,00;12307,40;10;10641,74
TAU_0;0,1000;11927,00;13668,00;12771,20;10;10806,38
TAU_0;0,2500;12068,00;13691,00;12796,80;10;10663,39
TAU_0;0,5000;11596,00;13814,00;12570,40;10;10686,99
TAU_0;0,7500;11907,00;13919,00;12788,80;10;10595,99
TAU_0;1,0000;11788,00;13800,00;12872,40;10;1054861,47
MAX_ITERATIONS;500;11801,00;13846,00;12929,80;10;6242,41
MAX_ITERATIONS;750;11907,00;14259,00;13192,30;10;5726,68
MAX_ITERATIONS;1000;11947,00;13775,00;12789,90;10;7421,84
MAX_ITERATIONS;1500;11907,00;13709,00;12951,30;10;10843,52
MAX_ITERATIONS;2000;11907,00;13483,00;12606,60;10;14586,59
MAX_ITERATIONS;3000;11731,00;13409,00;12489,30;10;18407,86

=== Best Configuration Found ===
ALPHA=1,0000;BETA=0,7500;RHO=0,1000;Q=10,00;
TAU_0=0,0100;P_0=0,0250;NUM_ANTS=100;MAX_ITERATIONS=3000


=== Tuning Experiment 1 ===

=== New Experiment ===
Started: 2025-03-29 23:41:05
Initial parameters:
ALPHA=0,5000;BETA=10,0000;RHO=0,5000;Q=100,00;TAU_0=0,0100;P_0=0,1000;NUM_ANTS=40;MAX_ITERATIONS=1500

ALPHA;0,0010;11907,00;14431,00;13011,60;10;3415,51
ALPHA;0,0100;11784,00;13853,00;12789,00;10;4136,06
ALPHA;0,1000;12326,00;13903,00;13047,10;10;3429,82
ALPHA;0,3000;11380,00;13262,00;12504,60;10;3329,28
ALPHA;0,5000;11941,00;13586,00;12763,40;10;3205,40
ALPHA;0,7000;11966,00;13410,00;12598,60;10;3346,67
ALPHA;1,0000;11907,00;13770,00;12696,10;10;3336,64
ALPHA;1,5000;11507,00;13775,00;12802,70;10;3424,63
BETA;0,5000;11664,00;13798,00;13052,00;10;3110,29
BETA;0,7500;11418,00;13455,00;12674,60;10;3324,03
BETA;1,0000;12137,00;14153,00;12838,40;10;3391,02
BETA;1,5000;11738,00;14025,00;12963,40;10;3342,81
BETA;2,0000;11594,00;14458,00;13101,10;10;3176,20
BETA;3,0000;11596,00;14071,00;13172,70;10;3257,03
BETA;4,0000;11866,00;14030,00;13046,80;10;3405,77
BETA;5,0000;12107,00;13758,00;12985,80;10;3256,78
BETA;10,0000;11281,00;13780,00;12297,00;10;3381,00
P_0;0,0100;11907,00;14961,00;13461,70;10;3461,51
P_0;0,0250;11907,00;14098,00;12921,60;10;3116,14
P_0;0,0500;11590,00;14182,00;12863,70;10;3672,24
P_0;0,1000;11139,00;14121,00;13288,60;10;4082,04
P_0;0,2000;12082,00;14706,00;13119,50;10;4769,95
P_0;0,3000;11718,00;15425,00;13498,50;10;3888,39
NUM_ANTS;30;11916,00;14220,00;13208,80;10;3183,64
NUM_ANTS;40;11864,00;13409,00;12612,20;10;4128,52
NUM_ANTS;50;11596,00;13698,00;12830,70;10;5241,51
NUM_ANTS;75;11075,00;12930,00;12108,20;10;7130,68
NUM_ANTS;100;11036,00;13507,00;12763,90;10;10289,87
NUM_ANTS;150;11788,00;13794,00;12537,00;10;14031,23
Q;10,0000;11171,00;13580,00;12709,40;10;7271,97
Q;50,0000;11664,00;13431,00;12614,30;10;7253,08
Q;100,0000;11907,00;13798,00;13059,30;10;7903,77
Q;250,0000;11442,00;13887,00;13015,20;10;8026,09
Q;500,0000;11201,00;13607,00;12685,20;10;6915,97
Q;750,0000;11039,00;13868,00;12785,30;10;6876,46
Q;1000,0000;11084,00;13501,00;12515,30;10;6846,79
Q;1500,0000;11894,00;13858,00;12886,30;10;6188,79
RHO;0,1000;11596,00;13437,00;12412,40;10;6307,34
RHO;0,3000;11661,00;13713,00;12852,30;10;7018,40
RHO;0,5000;11916,00;14070,00;13207,40;10;8694,99
RHO;0,6000;11915,00;13834,00;12977,50;10;6380,71
RHO;0,7000;12202,00;14182,00;13107,50;10;6379,43
RHO;0,7500;10966,00;13602,00;12616,70;10;6289,59
RHO;0,8000;11211,00;13860,00;13037,90;10;6343,03
RHO;0,8500;11916,00;13914,00;12729,20;10;6221,62
RHO;0,9000;11916,00;13885,00;12752,70;10;6161,11
TAU_0;0,0010;11473,00;14080,00;12673,20;10;6313,81
TAU_0;0,0100;11177,00;13768,00;12717,80;10;6248,97
TAU_0;0,1000;11409,00;13663,00;12878,50;10;6283,66
TAU_0;0,2500;10731,00;13959,00;12395,90;10;6268,44
TAU_0;0,5000;11596,00;13416,00;12391,10;10;6235,91
TAU_0;0,7500;11691,00;13513,00;12595,40;10;6272,29
TAU_0;1,0000;11700,00;13798,00;12681,20;10;6320,81
MAX_ITERATIONS;500;11788,00;13691,00;12542,20;10;2657,35
MAX_ITERATIONS;750;11927,00;13360,00;12769,50;10;3082,67
MAX_ITERATIONS;1000;11797,00;13396,00;12571,20;10;4196,70
MAX_ITERATIONS;1500;11605,00;13853,00;12680,70;10;6094,78
MAX_ITERATIONS;2000;12154,00;13783,00;12858,80;10;8117,84
MAX_ITERATIONS;3000;11700,00;13427,00;12656,30;10;11946,94

=== Best Configuration Found ===
ALPHA=0,3000;BETA=10,0000;RHO=0,1000;Q=1000,00;
TAU_0=0,5000;P_0=0,0500;NUM_ANTS=75;MAX_ITERATIONS=500


=== Tuning Experiment 2 ===

=== New Experiment ===
Started: 2025-03-30 00:36:21
Initial parameters:
ALPHA=0,3000;BETA=10,0000;RHO=0,1000;Q=1000,00;TAU_0=0,5000;P_0=0,0500;NUM_ANTS=75;MAX_ITERATIONS=500

ALPHA;0,0010;11256,00;14003,00;12768,70;10;2200,64
ALPHA;0,0100;11700,00;14003,00;13037,60;10;2090,93
ALPHA;0,1000;11691,00;13731,00;12808,80;10;2110,93
ALPHA;0,3000;12206,00;14015,00;13117,20;10;2207,45
ALPHA;0,5000;12273,00;14425,00;13392,20;10;1978,40
ALPHA;0,7000;11390,00;13431,00;12505,50;10;2073,24
ALPHA;1,0000;11907,00;13961,00;13099,80;10;2211,72
ALPHA;1,5000;11907,00;14296,00;12802,70;10;2114,29
BETA;0,5000;11907,00;13993,00;12670,50;10;2034,52
BETA;0,7500;11084,00;13914,00;12869,70;10;2053,21
BETA;1,0000;12031,00;13649,00;12851,00;10;2094,63
BETA;1,5000;11084,00;13448,00;12500,20;10;2088,73
BETA;2,0000;11907,00;13678,00;12752,80;10;1911,03
BETA;3,0000;11669,00;13848,00;12700,40;10;2053,16
BETA;4,0000;11605,00;13692,00;12645,40;10;2124,66
BETA;5,0000;11916,00;14003,00;12990,20;10;2177,20
BETA;10,0000;11239,00;13606,00;12682,40;10;2356,07
P_0;0,0100;12451,00;14464,00;13415,70;10;2005,39
P_0;0,0250;11174,00;15018,00;12872,80;10;2152,97
P_0;0,0500;11907,00;13892,00;12708,20;10;2092,26
P_0;0,1000;12024,00;14055,00;12916,60;10;2118,16
P_0;0,2000;11792,00;14412,00;13101,80;10;2156,83
P_0;0,3000;11706,00;15353,00;13577,50;10;2240,39
NUM_ANTS;30;12106,00;14212,00;13153,00;10;965,19
NUM_ANTS;40;11832,00;14030,00;13136,50;10;1093,90
NUM_ANTS;50;11203,00;14101,00;12646,10;10;1393,34
NUM_ANTS;75;11907,00;13824,00;12922,10;10;2141,88
NUM_ANTS;100;12038,00;14003,00;12838,90;10;2744,61
NUM_ANTS;150;11688,00;14098,00;12735,50;10;4200,15
Q;10,0000;12106,00;14211,00;13163,00;10;1392,68
Q;50,0000;12911,00;14083,00;13442,80;10;1418,21
Q;100,0000;11211,00;13798,00;12664,10;10;1389,61
Q;250,0000;12367,00;14147,00;13026,30;10;1508,96
Q;500,0000;11692,00;14269,00;13182,50;10;1410,32
Q;750,0000;11600,00;14259,00;12852,90;10;1399,36
Q;1000,0000;11300,00;13501,00;12524,20;10;1396,20
Q;1500,0000;11916,00;13920,00;12863,40;10;1438,58
RHO;0,1000;11550,00;13896,00;12691,60;10;1472,03
RHO;0,3000;10637,00;14296,00;12835,00;10;1422,37
RHO;0,5000;11916,00;13907,00;13218,50;10;1416,83
RHO;0,6000;11903,00;14008,00;12745,70;10;1429,36
RHO;0,7000;11738,00;13578,00;12719,40;10;1429,63
RHO;0,7500;11128,00;14288,00;12984,40;10;1405,81
RHO;0,8000;11719,00;14425,00;12618,10;10;1697,13
RHO;0,8500;11907,00;13593,00;12965,60;10;1706,14
RHO;0,9000;11579,00;14321,00;12869,90;10;1486,19
TAU_0;0,0010;11596,00;14415,00;13175,10;10;1396,05
TAU_0;0,0100;11493,00;14362,00;12939,40;10;1407,15
TAU_0;0,1000;10996,00;14320,00;12719,40;10;1557,08
TAU_0;0,2500;11700,00;13887,00;12886,50;10;1409,19
TAU_0;0,5000;12453,00;14139,00;13227,20;10;1399,27
TAU_0;0,7500;11700,00;14124,00;12830,10;10;1423,54
TAU_0;1,0000;12155,00;13892,00;13044,70;10;1447,96
MAX_ITERATIONS;500;10945,00;13924,00;12672,50;10;1504,90
MAX_ITERATIONS;750;11648,00;14505,00;12959,20;10;2018,98
MAX_ITERATIONS;1000;11746,00;13770,00;12786,40;10;2770,91
MAX_ITERATIONS;1500;11211,00;13906,00;12918,60;10;4133,25
MAX_ITERATIONS;2000;12042,00;13886,00;12671,70;10;5601,23
MAX_ITERATIONS;3000;12002,00;13959,00;12716,50;10;8147,39

=== Best Configuration Found ===
ALPHA=0,7000;BETA=1,5000;RHO=0,8000;Q=1000,00;
TAU_0=0,1000;P_0=0,0500;NUM_ANTS=50;MAX_ITERATIONS=2000


=== Tuning Experiment 3 ===

=== New Experiment ===
Started: 2025-03-30 01:00:56
Initial parameters:
ALPHA=0,7000;BETA=1,5000;RHO=0,8000;Q=1000,00;TAU_0=0,1000;P_0=0,0500;NUM_ANTS=50;MAX_ITERATIONS=2000

ALPHA;0,0010;11596,00;13431,00;12953,00;10;5640,49
ALPHA;0,0100;11472,00;14137,00;12928,40;10;5665,30
ALPHA;0,1000;11916,00;13362,00;12582,50;10;5629,41
ALPHA;0,3000;11358,00;13783,00;12567,70;10;5740,07
ALPHA;0,5000;11499,00;13966,00;13157,60;10;5283,55
ALPHA;0,7000;11907,00;12996,00;12479,50;10;5637,32
ALPHA;1,0000;11652,00;13301,00;12386,00;10;5705,11
ALPHA;1,5000;10952,00;13535,00;12932,40;10;5736,34
BETA;0,5000;11175,00;13805,00;12385,80;10;5339,91
BETA;0,7500;12068,00;13964,00;13073,80;10;5650,00
BETA;1,0000;11847,00;14090,00;13037,00;10;5714,79
BETA;1,5000;11907,00;13930,00;13164,50;10;5634,56
BETA;2,0000;11811,00;13731,00;13016,50;10;5308,40
BETA;3,0000;12040,00;13883,00;12996,00;10;5679,99
BETA;4,0000;11897,00;13723,00;12932,80;10;5745,25
BETA;5,0000;11311,00;13959,00;13131,90;10;5686,14
BETA;10,0000;11397,00;14035,00;12720,20;10;5718,56
P_0;0,0100;11700,00;14185,00;12507,00;10;5139,08
P_0;0,0250;11907,00;14078,00;12733,60;10;5158,57
P_0;0,0500;11409,00;13758,00;12680,50;10;5239,16
P_0;0,1000;11401,00;13792,00;12557,00;10;5348,82
P_0;0,2000;11833,00;14244,00;13250,30;10;5294,47
P_0;0,3000;11983,00;14882,00;13283,30;10;5420,75
NUM_ANTS;30;12293,00;14143,00;13644,10;10;3340,20
NUM_ANTS;40;11288,00;14412,00;13075,60;10;3898,70
NUM_ANTS;50;11871,00;13895,00;12524,50;10;4944,85
NUM_ANTS;75;11817,00;14261,00;13005,40;10;7223,77
NUM_ANTS;100;11907,00;14328,00;13298,10;10;9519,33
NUM_ANTS;150;11907,00;13960,00;12792,30;10;13976,24
Q;10,0000;11907,00;14266,00;13051,20;10;5060,45
Q;50,0000;11596,00;14399,00;13032,50;10;4966,22
Q;100,0000;11596,00;14046,00;12844,60;10;5015,92
Q;250,0000;11596,00;14023,00;12937,90;10;5032,56
Q;500,0000;11797,00;14801,00;13262,30;10;5001,16
Q;750,0000;11700,00;14099,00;12661,40;10;4922,10
Q;1000,0000;11174,00;14123,00;12909,50;10;5122,59
Q;1500,0000;11112,00;14261,00;12971,80;10;5045,04
RHO;0,1000;11907,00;14405,00;12963,50;10;5090,59
RHO;0,3000;11907,00;14400,00;13274,30;10;4929,88
RHO;0,5000;11691,00;13838,00;12388,50;10;5140,96
RHO;0,6000;11660,00;14555,00;12913,80;10;5140,26
RHO;0,7000;12068,00;14399,00;13304,00;10;5109,66
RHO;0,7500;11907,00;14320,00;13376,70;10;4940,00
RHO;0,8000;11700,00;14188,00;12993,90;10;4887,35
RHO;0,8500;11339,00;13896,00;12789,70;10;4995,68
RHO;0,9000;11907,00;14314,00;12892,00;10;5054,90
TAU_0;0,0010;11869,00;14400,00;12976,00;10;5101,53
TAU_0;0,0100;11811,00;14640,00;13118,30;10;4942,07
TAU_0;0,1000;11079,00;14327,00;12666,60;10;5008,08
TAU_0;0,2500;12453,00;14236,00;13091,40;10;5005,75
TAU_0;0,5000;11596,00;14099,00;12760,10;10;5033,31
TAU_0;0,7500;11797,00;13853,00;12607,00;10;4947,41
TAU_0;1,0000;11335,00;14399,00;13066,50;10;5062,96
MAX_ITERATIONS;500;11265,00;14261,00;12693,30;10;1624,72
MAX_ITERATIONS;750;11168,00;13806,00;12924,70;10;1784,96
MAX_ITERATIONS;1000;11596,00;14566,00;13036,50;10;2404,89
MAX_ITERATIONS;1500;11788,00;14188,00;12841,60;10;3612,31
MAX_ITERATIONS;2000;11907,00;14443,00;12650,90;10;4875,40
MAX_ITERATIONS;3000;11605,00;14400,00;12668,50;10;7137,34

=== Best Configuration Found ===
ALPHA=1,0000;BETA=0,5000;RHO=0,5000;Q=750,00;
TAU_0=0,7500;P_0=0,0100;NUM_ANTS=50;MAX_ITERATIONS=2000


=== Tuning Experiment 4 ===

=== New Experiment ===
Started: 2025-03-30 01:56:55
Initial parameters:
ALPHA=1,0000;BETA=0,5000;RHO=0,5000;Q=750,00;TAU_0=0,7500;P_0=0,0100;NUM_ANTS=50;MAX_ITERATIONS=2000

ALPHA;0,0010;11947,00;14401,00;13536,40;10;5001,30
ALPHA;0,0100;11916,00;14158,00;13135,00;10;4980,28
ALPHA;0,1000;11174,00;13995,00;12828,50;10;5179,44
ALPHA;0,3000;11509,00;13427,00;12553,40;10;4972,19
ALPHA;0,5000;11828,00;13833,00;12617,70;10;4541,07
ALPHA;0,7000;12453,00;14283,00;13315,20;10;4867,07
ALPHA;1,0000;11036,00;14446,00;12708,20;10;4926,34
ALPHA;1,5000;12334,00;14953,00;12987,10;10;4948,18
BETA;0,5000;11788,00;13603,00;12842,20;10;5032,25
BETA;0,7500;11907,00;14283,00;13017,50;10;5360,20
BETA;1,0000;12453,00;14437,00;13379,00;10;5455,94
BETA;1,5000;11170,00;14099,00;12768,50;10;5489,88
BETA;2,0000;11700,00;14861,00;13183,30;10;5022,11
BETA;3,0000;11596,00;14446,00;12952,40;10;5401,38
BETA;4,0000;11916,00;14623,00;13433,20;10;5597,59
BETA;5,0000;11596,00;14077,00;12855,10;10;5557,87
BETA;10,0000;11596,00;14111,00;13020,00;10;5431,66
P_0;0,0100;11797,00;14328,00;12717,40;10;5461,73
P_0;0,0250;11907,00;14288,00;12811,60;10;5647,44
P_0;0,0500;11907,00;14003,00;12985,50;10;5796,03
P_0;0,1000;12229,00;13887,00;13132,30;10;5757,82
P_0;0,2000;12402,00;14489,00;13446,10;10;5781,68
P_0;0,3000;12762,00;15567,00;14005,50;10;5778,48
NUM_ANTS;30;11788,00;14751,00;13387,70;10;3487,67
NUM_ANTS;40;11947,00;14348,00;12779,50;10;4343,50
NUM_ANTS;50;12042,00;13666,00;12981,90;10;5364,55
NUM_ANTS;75;12042,00;14069,00;13312,90;10;7775,04
NUM_ANTS;100;11788,00;14241,00;12931,10;10;10328,29
NUM_ANTS;150;11596,00;14227,00;12677,00;10;15439,26
Q;10,0000;11947,00;13427,00;12795,70;10;15901,88
Q;50,0000;11596,00;14266,00;13127,20;10;15812,28
Q;100,0000;11691,00;13463,00;12218,10;10;15738,24
Q;250,0000;12453,00;14454,00;13232,10;10;15675,03
Q;500,0000;11691,00;14301,00;12589,90;10;15719,81
Q;750,0000;11907,00;13409,00;12673,30;10;15968,91
Q;1000,0000;11605,00;13871,00;12655,30;10;15611,43
Q;1500,0000;11596,00;13427,00;12534,50;10;15811,85
RHO;0,1000;11596,00;13798,00;12200,70;10;15557,92
RHO;0,3000;11605,00;14232,00;12962,50;10;15781,06
RHO;0,5000;11596,00;13409,00;12555,50;10;16099,23
RHO;0,6000;11425,00;14377,00;12763,40;10;15802,07
RHO;0,7000;11878,00;14067,00;12569,00;10;15656,60
RHO;0,7500;12068,00;14142,00;12989,90;10;15894,42
RHO;0,8000;12068,00;13933,00;12731,00;10;16198,84
RHO;0,8500;11907,00;14162,00;12678,40;10;15802,09
RHO;0,9000;11700,00;14003,00;12659,80;10;15797,14
TAU_0;0,0010;11828,00;13838,00;12622,80;10;15501,94
TAU_0;0,0100;12004,00;13876,00;13019,90;10;15712,07
TAU_0;0,1000;11596,00;13966,00;12715,30;10;15690,15
TAU_0;0,2500;11907,00;13409,00;12451,50;10;15791,63
TAU_0;0,5000;11039,00;13905,00;12772,10;10;15617,09
TAU_0;0,7500;11788,00;14390,00;12967,70;10;15601,70
TAU_0;1,0000;11788,00;13853,00;12888,80;10;15567,74
MAX_ITERATIONS;500;11797,00;14045,00;12506,10;10;5280,57
MAX_ITERATIONS;750;11909,00;14099,00;12868,70;10;5990,63
MAX_ITERATIONS;1000;12426,00;14316,00;13183,40;10;7750,31
MAX_ITERATIONS;1500;11605,00;13930,00;12796,70;10;11578,74
MAX_ITERATIONS;2000;11788,00;14218,00;13299,10;10;15445,77
MAX_ITERATIONS;3000;11596,00;13301,00;12250,10;10;28826,66

=== Best Configuration Found ===
ALPHA=0,3000;BETA=1,5000;RHO=0,1000;Q=100,00;
TAU_0=0,2500;P_0=0,0100;NUM_ANTS=150;MAX_ITERATIONS=3000


=== Tuning Experiment 5 ===

=== New Experiment ===
Started: 2025-03-30 04:59:54
Initial parameters:
ALPHA=0,3000;BETA=1,5000;RHO=0,1000;Q=100,00;TAU_0=0,2500;P_0=0,0100;NUM_ANTS=150;MAX_ITERATIONS=3000

ALPHA;0,0010;11596,00;14046,00;12484,50;10;23588,40
ALPHA;0,0100;11907,00;14411,00;12917,00;10;23516,91
ALPHA;0,1000;11626,00;14003,00;12704,90;10;23409,89
ALPHA;0,3000;11788,00;13775,00;12984,40;10;23172,73
ALPHA;0,5000;11596,00;14060,00;12598,20;10;21295,55
ALPHA;0,7000;11377,00;13427,00;12447,80;10;23300,15
ALPHA;1,0000;11596,00;13723,00;12483,80;10;23341,69
ALPHA;1,5000;11907,00;14067,00;12892,70;10;23244,31
BETA;0,5000;11390,00;14377,00;12656,40;10;21601,94
BETA;0,7500;11079,00;12832,00;12105,40;10;23402,46
BETA;1,0000;11203,00;13715,00;12514,80;10;23456,96
BETA;1,5000;11788,00;14125,00;12969,40;10;23263,67
BETA;2,0000;11340,00;13505,00;12550,90;10;21499,78
BETA;3,0000;11691,00;13301,00;12386,80;10;23190,95
BETA;4,0000;11907,00;14067,00;13011,40;10;23445,92
BETA;5,0000;11788,00;13930,00;12556,20;10;23606,82
BETA;10,0000;11797,00;13409,00;12689,20;10;23495,95
P_0;0,0100;11947,00;13812,00;12873,40;10;23216,42
P_0;0,0250;11596,00;13301,00;12411,20;10;23941,13
P_0;0,0500;11043,00;13301,00;12420,70;10;24290,13
P_0;0,1000;11364,00;13258,00;12377,90;10;24461,12
P_0;0,2000;11542,00;14102,00;13012,40;10;25034,35
P_0;0,3000;11875,00;14891,00;13592,70;10;24384,10
NUM_ANTS;30;11923,00;14003,00;12710,20;10;7146,42
NUM_ANTS;40;11043,00;13661,00;12287,20;10;6536,60
NUM_ANTS;50;12238,00;13661,00;12927,80;10;8236,85
NUM_ANTS;75;12061,00;13798,00;12825,90;10;12188,75
NUM_ANTS;100;11211,00;13573,00;12649,60;10;16269,18
NUM_ANTS;150;11464,00;13340,00;12551,30;10;23980,58
Q;10,0000;11025,00;14075,00;12664,50;10;6844,98
Q;50,0000;12170,00;13568,00;12927,20;10;6759,79
Q;100,0000;11435,00;13501,00;12834,10;10;6750,73
Q;250,0000;11698,00;13870,00;13018,70;10;6869,55
Q;500,0000;11456,00;13959,00;12827,70;10;6866,91
Q;750,0000;11397,00;13745,00;12667,70;10;6877,52
Q;1000,0000;11796,00;13749,00;12679,20;10;6889,92
Q;1500,0000;11063,00;13798,00;12405,00;10;6872,43
RHO;0,1000;12038,00;13444,00;12932,10;10;6741,13
RHO;0,3000;12228,00;13618,00;12978,60;10;6744,17
RHO;0,5000;10986,00;13778,00;12359,80;10;6742,30
RHO;0,6000;11691,00;13743,00;12850,40;10;6759,92
RHO;0,7000;11357,00;13829,00;12731,80;10;6812,26
RHO;0,7500;11316,00;13775,00;12870,40;10;6783,60
RHO;0,8000;12098,00;13749,00;12783,50;10;6873,45
RHO;0,8500;11706,00;13924,00;12573,30;10;7158,81
RHO;0,9000;11033,00;14013,00;12882,30;10;6964,72
TAU_0;0,0010;11986,00;14090,00;12843,70;10;6793,06
TAU_0;0,0100;11577,00;13268,00;12583,00;10;6895,35
TAU_0;0,1000;11905,00;13689,00;12880,70;10;6801,28
TAU_0;0,2500;12295,00;13752,00;12936,90;10;6823,83
TAU_0;0,5000;10980,00;13564,00;12464,70;10;6862,36
TAU_0;0,7500;11364,00;13724,00;12807,60;10;6873,41
TAU_0;1,0000;11743,00;13600,00;12886,70;10;6887,77
MAX_ITERATIONS;500;10648,00;14081,00;13252,00;10;1755,87
MAX_ITERATIONS;750;11852,00;13917,00;13043,40;10;1657,02
MAX_ITERATIONS;1000;11557,00;14098,00;12774,10;10;2226,81
MAX_ITERATIONS;1500;11616,00;14003,00;12859,60;10;3398,84
MAX_ITERATIONS;2000;11621,00;13900,00;12930,80;10;4566,67
MAX_ITERATIONS;3000;11175,00;13431,00;12585,10;10;6641,10

=== Best Configuration Found ===
ALPHA=0,7000;BETA=0,7500;RHO=0,5000;Q=1500,00;
TAU_0=0,5000;P_0=0,1000;NUM_ANTS=40;MAX_ITERATIONS=3000


=== Tuning Experiment 1 ===

=== New Experiment ===
Started: 2025-03-30 09:58:34
Initial parameters:
ALPHA=0,5000;BETA=10,0000;RHO=0,5000;Q=100,00;TAU_0=0,0100;P_0=0,1000;NUM_ANTS=40;MAX_ITERATIONS=1500

ALPHA;0,0010;12097,00;14052,00;13244,00;10;3464,12
ALPHA;0,0100;12356,00;14215,00;13485,10;10;3597,50
ALPHA;0,1000;11482,00;13595,00;12343,90;10;3436,27
ALPHA;0,3000;12102,00;14098,00;13275,90;10;3600,38
ALPHA;0,5000;11892,00;14267,00;13025,50;10;3214,06
ALPHA;0,7000;11766,00;14111,00;12879,50;10;3425,31
ALPHA;1,0000;12001,00;13722,00;12869,20;10;3654,79
ALPHA;1,5000;11518,00;13999,00;12856,60;10;3572,07
BETA;0,5000;11783,00;13647,00;12641,50;10;3256,81
BETA;0,7500;11036,00;13818,00;12684,20;10;3491,07
BETA;1,0000;12073,00;14003,00;12943,20;10;3439,94
BETA;1,5000;12056,00;13814,00;13056,70;10;3511,79
BETA;2,0000;11073,00;13497,00;12470,00;10;3176,05
BETA;3,0000;11617,00;13579,00;12817,90;10;3505,14
BETA;4,0000;11260,00;13417,00;12479,50;10;3387,18
BETA;5,0000;10846,00;13434,00;12789,50;10;3399,11
BETA;10,0000;12155,00;13391,00;12825,90;10;3449,70
P_0;0,0100;12042,00;14533,00;12874,90;10;3002,37
P_0;0,0250;11596,00;13960,00;13064,90;10;3085,75
P_0;0,0500;11731,00;14097,00;12766,00;10;3205,31
P_0;0,1000;11849,00;13414,00;12701,80;10;3159,05
P_0;0,2000;11185,00;14388,00;12837,10;10;3355,29
P_0;0,3000;12469,00;15172,00;13596,60;10;3247,69
NUM_ANTS;30;11401,00;14229,00;12945,80;10;2513,43
NUM_ANTS;40;11360,00;14285,00;13090,90;10;3072,99
NUM_ANTS;50;11273,00;14462,00;13069,70;10;3933,38
NUM_ANTS;75;11259,00;13863,00;12999,60;10;5785,92
NUM_ANTS;100;11116,00;13788,00;12568,50;10;7470,99
NUM_ANTS;150;12188,00;13570,00;12815,40;10;11096,50
Q;10,0000;12200,00;13729,00;13044,50;10;7862,41
Q;50,0000;11736,00;13443,00;12887,10;10;7800,54
Q;100,0000;11025,00;13531,00;12580,50;10;7808,70
Q;250,0000;11481,00;13194,00;12633,40;10;7902,89
Q;500,0000;12111,00;13875,00;12671,50;10;7753,68
Q;750,0000;11879,00;13798,00;12721,30;10;7804,20
Q;1000,0000;11550,00;13703,00;12782,00;10;7750,63
Q;1500,0000;11172,00;13828,00;12858,40;10;7709,71
RHO;0,1000;12354,00;13931,00;13106,50;10;7645,06
RHO;0,3000;11236,00;13812,00;12676,40;10;7702,82
RHO;0,5000;11175,00;13791,00;12611,60;10;7741,46
RHO;0,6000;11433,00;13431,00;12771,10;10;7899,23
RHO;0,7000;10985,00;13581,00;12619,60;10;7794,34
RHO;0,7500;11211,00;12821,00;12199,10;10;7809,63
RHO;0,8000;11941,00;13571,00;12894,40;10;7892,91
RHO;0,8500;12171,00;13897,00;12746,50;10;7670,67
RHO;0,9000;11056,00;14101,00;12491,90;10;7640,87
TAU_0;0,0010;11177,00;13798,00;12862,90;10;8178,63
TAU_0;0,0100;12238,00;13616,00;12834,10;10;7746,16
TAU_0;0,1000;10926,00;13676,00;12627,00;10;7704,08
TAU_0;0,2500;11236,00;13362,00;12750,60;10;7823,90
TAU_0;0,5000;11826,00;13798,00;12969,20;10;7791,28
TAU_0;0,7500;11188,00;13431,00;12564,30;10;7710,90
TAU_0;1,0000;12272,00;14011,00;13085,20;10;7831,77
MAX_ITERATIONS;500;11397,00;14090,00;13097,30;10;3275,04
MAX_ITERATIONS;750;11374,00;13775,00;13213,30;10;3832,96
MAX_ITERATIONS;1000;12582,00;13590,00;13154,10;10;5088,30
MAX_ITERATIONS;1500;11089,00;13763,00;12631,60;10;7465,87
MAX_ITERATIONS;2000;11747,00;13790,00;12824,50;10;10033,71
MAX_ITERATIONS;3000;10220,00;13432,00;12478,50;10;14803,92

=== Best Configuration Found ===
ALPHA=0,1000;BETA=2,0000;RHO=0,7500;Q=100,00;
TAU_0=0,7500;P_0=0,1000;NUM_ANTS=100;MAX_ITERATIONS=3000


=== Tuning Experiment 2 ===

=== New Experiment ===
Started: 2025-03-30 11:08:14
Initial parameters:
ALPHA=0,1000;BETA=2,0000;RHO=0,7500;Q=100,00;TAU_0=0,7500;P_0=0,1000;NUM_ANTS=100;MAX_ITERATIONS=3000

ALPHA;0,0010;10767,00;13702,00;12390,80;10;15397,67
ALPHA;0,0100;11755,00;13537,00;12413,50;10;15200,11
ALPHA;0,1000;12001,00;13301,00;12841,00;10;15022,38
ALPHA;0,3000;11289,00;13733,00;12944,50;10;14945,34
ALPHA;0,5000;12020,00;13794,00;12988,80;10;14219,01
ALPHA;0,7000;11596,00;13443,00;12874,80;10;15773,39
ALPHA;1,0000;11177,00;13427,00;12640,10;10;17115,72
ALPHA;1,5000;11846,00;13685,00;12647,90;10;21793,76
BETA;0,5000;11581,00;13431,00;12727,90;10;20021,43
BETA;0,7500;11651,00;13649,00;12813,80;10;24161,27
BETA;1,0000;11179,00;13743,00;12318,80;10;23325,43
BETA;1,5000;11420,00;13772,00;12777,30;10;24476,15
BETA;2,0000;11665,00;13216,00;12677,90;10;24332,10
BETA;3,0000;11788,00;13603,00;12559,50;10;22522,68
BETA;4,0000;12132,00;13858,00;12990,30;10;22886,11
BETA;5,0000;11494,00;13750,00;12612,60;10;93045,74
BETA;10,0000;11893,00;13676,00;12652,10;10;15714,42
P_0;0,0100;12068,00;14452,00;12930,60;10;15117,63
P_0;0,0250;12290,00;13579,00;12842,10;10;19392,18
P_0;0,0500;11364,00;13942,00;12353,60;10;17952,34
P_0;0,1000;11404,00;13901,00;12354,50;10;18123,86
P_0;0,2000;11569,00;14407,00;12894,10;10;20507,50
P_0;0,3000;12336,00;14823,00;13801,60;10;22201,71
NUM_ANTS;30;11826,00;14079,00;12643,60;10;7893,75
NUM_ANTS;40;11691,00;13798,00;12775,60;10;8621,90
NUM_ANTS;50;11418,00;13942,00;12724,90;10;9543,51
NUM_ANTS;75;11744,00;13798,00;12563,80;10;13368,91
NUM_ANTS;100;11788,00;13798,00;12838,20;10;17903,89
NUM_ANTS;150;11043,00;13146,00;12287,00;10;25964,86
Q;10,0000;11043,00;13407,00;12448,20;10;26444,65
Q;50,0000;11651,00;13537,00;12555,90;10;26456,65
Q;100,0000;11539,00;13431,00;12266,70;10;26415,45
Q;250,0000;11388,00;13537,00;12508,40;10;26428,54
Q;500,0000;11731,00;13595,00;12420,40;10;26415,84
Q;750,0000;11560,00;13427,00;12883,30;10;26357,57
Q;1000,0000;11907,00;13382,00;12583,80;10;26383,96
Q;1500,0000;11498,00;12936,00;12113,00;10;27874,83
RHO;0,1000;11492,00;13656,00;12414,80;10;28246,60
RHO;0,3000;11301,00;13409,00;12375,00;10;28032,84
RHO;0,5000;11878,00;13301,00;12657,40;10;28074,58
RHO;0,6000;11596,00;13606,00;12744,00;10;28394,23
RHO;0,7000;11557,00;13762,00;12563,00;10;28193,35
RHO;0,7500;12228,00;13410,00;12817,70;10;27995,54
RHO;0,8000;11788,00;13047,00;12549,70;10;29913,75
RHO;0,8500;11126,00;13427,00;12493,20;10;35354,34
RHO;0,9000;11691,00;13504,00;12536,50;10;36996,85
TAU_0;0,0010;11593,00;13482,00;12591,70;10;43023,71
TAU_0;0,0100;11175,00;13427,00;12332,90;10;28881,78
TAU_0;0,1000;11605,00;13327,00;12378,60;10;24465,86
TAU_0;0,2500;11862,00;13871,00;12496,40;10;23574,82
TAU_0;0,5000;11596,00;13497,00;12704,50;10;25687,97
TAU_0;0,7500;11391,00;13431,00;12679,10;10;23257,89
